P13096	P08181
P23572	P54733
Q9VI13	P40792
Q9VI13	P48554
Q9VI13	P40792
Q9VI13	Q9VIN1
Q9VIN1	Q9VR89
Q9VIN1	Q9VAP2
Q9VIN1	Q9U1L6
Q95RG8	Q9VIN1
Q9VIN1	Q95RG8
Q7K2X1	Q9VIN1
Q9VC66	Q9VIN1
Q7JNE1	P18491
Q00168	Q9VU84
Q9VI64	Q94524
P21187	Q9VI64
Q9VI64	Q8MSX2
Q27934	Q95RR8
P02828	Q27934
Q8SWU7	Q27934
Q27934	Q9W325
P84051	Q27934
P22769	Q27934
Q27934	Q9W403
Q27934	Q9W1A4
Q27934	O18335
Q9VK57	Q27934
Q27934	Q9VCE6
Q27934	Q9VM11
Q9VG31	Q9W191
Q7JN06	Q7JN06
Q7JN06	Q9VN89
Q9VN89	Q7JN06
Q7JN06	P52295
Q7JN06	Q7JXC4
Q27889	Q7JN06
Q9VCK0	Q9Y0Y7
Q9VM69	Q9VRS0
Q7K3Q3	Q7K3Q3
Q7K3Q3	Q95TJ9
Q7K3Q3	P08182
Q9VJD8	Q7K3Q3
Q9VN89	Q9VN89
Q9V3Z4	Q7KMP8
Q9V769	Q9XZ15
Q9V771	Q9VX37
Q9VPF3	A1Z9X0
Q9VYG2	A1Z9X0
A1Z9X0	O97111
O97111	A1Z9X0
Q9VVT5	A1Z9X0
Q8IRH5	Q9VIT0
Q9VCJ3	Q9V3P0
P13008	Q9VP67
P13008	Q8T0S6
P13008	Q9W191
P13008	Q7KVQ0
P13008	P00528
P13008	Q7KNA0
P13008	Q8MLW7
Q9VM49	Q9VES0
Q8IRH5	Q9VES0
Q9VL71	Q9VES0
Q24113	Q9VQ22
Q9VTV9	Q9VTV9
Q9VTV9	Q95TK5
Q7KLW9	Q9VJ62
Q9VJ57	Q9VHR7
Q9VIT3	Q94524
Q9V458	Q9VIT3
P48592	Q9VIT3
Q02748	Q9VIT3
Q9VXX8	Q9VIT3
Q8IRH5	P48809
Q8IP72	P48809
O46036	P48809
Q9VJ19	Q24558
Q9VRC8	Q24558
Q07327	Q24558
Q9VQS0	Q24558
Q23985	Q24558
P10734	Q24558
Q9VVK7	Q9VI16
Q9W0N9	Q9VI16
Q9VPH4	Q9VI16
O46036	Q9VI16
Q9VBU9	Q9VAZ1
Q9VHX1	Q9VAV6
Q9VRS0	Q9VLV5
Q9VPT7	Q9VRS0
P25171	O77051
P23573	P40417
P23573	Q960X8
Q9VP67	Q9V3P3
P08181	Q9VP67
Q9VTU4	Q9VP67
Q7JXF5	Q9VP67
Q9VX17	Q9VP67
A1ZAC7	Q9VP67
Q9VBT7	Q9VQF5
P22812	Q9VWE1
P22812	Q7KLE5
P22812	Q9VFV9
Q7JZZ3	Q9W2M4
Q9W2M4	Q86B87
Q9W2N0	Q9VY14
P48603	Q9W2N0
Q9W2N0	P48603
Q8SY07	Q9VP78
Q9VRP2	O44424
Q24090	Q9VX05
Q24090	Q9VJA9
Q23985	Q24090
Q24090	Q9VYG2
Q24090	Q9VHR7
Q95RI5	Q24090
P22058	Q24090
Q9VJ19	Q9W403
Q9W4M0	Q9VJ33
Q7JXA8	Q7JXA8
Q7JXA8	Q9VF72
Q7JXA8	Q9VA54
Q7JXA8	Q23985
Q9VTZ0	Q9VUY6
Q9V434	Q9VCR6
Q8IRH5	Q9W3Y7
Q9VC90	Q9W3Y7
Q9VWT2	Q9W3Y7
Q9VJ03	Q8T3J9
P36179	O77051
P47980	O77051
Q24318	O77051
Q24318	O77051
P17336	O77051
O77051	O62530
Q9VTH4	O77051
P40427	O77051
Q9VPF3	Q9VU89
Q9VK57	Q9VU89
O46036	Q9VU89
Q9VU88	Q9W2H9
Q9W4S7	Q8IRJ8
Q9W4S7	Q4LBB9
Q9W4S7	Q9U9Q2
Q9V637	Q8SX86
Q9Y112	Q9VLG9
Q9W418	P54611
Q9V3J1	P54611
O61348	P54611
Q9VGS2	P54611
Q9VWQ2	P54611
Q9V3U6	P54611
Q9VDP7	Q9VFQ9
Q9VNE9	P40796
P48603	P40796
Q1LZ24	Q9VU21
Q8IRH5	Q9VU21
Q05856	Q9VU21
Q9W261	Q9VLV5
Q9W3J8	Q9VFV9
Q9W3I9	Q9W3I9
Q9W3I9	Q9VCQ8
Q9W3I9	Q9W5W8
Q9VN39	Q9V3E7
Q9VMB9	Q9VAP2
Q05825	P48451
Q7JXZ2	Q9W1H5
Q9W1H5	Q7KLE5
Q9VM95	Q9VJD8
Q9V3P2	Q9VM95
Q9VM11	Q9W3G0
Q9VTT9	Q8T0S6
P55828	Q8T0S6
P13469	Q8T0S6
P84040	Q8T0S6
Q8T0S6	Q9VCR6
Q9U6R9	Q8T0S6
Q8SX89	Q8T0S6
O18640	Q8T0S6
Q9VM49	Q9VM49
Q9VM49	Q9VAQ7
P41092	Q9VM49
Q9U6L5	Q9VM49
Q9VM49	Q9VQF5
Q9VM49	Q9W424
Q9VL71	Q9VM49
Q9VM49	Q9VEX9
Q9VM49	Q9VTH8
P80455	Q9W255
P52304	Q9VAQ1
Q9VX05	Q9VAQ1
Q9VAQ1	P08182
Q9VWQ2	Q9VAQ1
Q03334	Q9V9X4
Q8MUJ1	Q9VZJ3
Q9VZJ3	Q9VBJ6
Q9VZJ3	Q9VAF4
Q9VZJ3	Q9W3Z4
Q9VZJ3	Q02361
Q95TJ6	Q9VZJ3
Q9VZJ3	Q9VIJ0
Q9VI32	Q95RG8
Q9XZS8	P18289
Q9VR64	Q9VPK4
Q2PE14	Q9VPK4
Q9VHG6	Q9VPK4
Q9W299	Q9VM22
P20439	Q95RR8
Q95RR8	Q02361
Q95RR8	Q9VYG2
O18640	Q95RR8
P23572	Q9VNV2
Q9VNE9	Q95TJ9
Q9W5R8	Q95TJ9
Q9VAN7	Q95TJ9
F3YDF1	Q95TJ9
Q23985	Q95TJ9
P23572	Q95TJ9
Q9VXP3	Q95TJ9
Q9V3U6	Q95TJ9
Q9VJI7	Q9V9V9
P23380	Q9V9V9
Q9V3W7	Q9V9V9
Q9VWC8	Q7JX82
Q07327	Q7JX82
Q9W5R8	Q7JX82
Q9VBX7	Q7JX82
Q7JX82	Q9VBA5
Q95RE4	Q7JX82
O97111	Q7JX82
E2QCZ3	Q7JX82
Q9W418	Q9W325
Q27580	Q7KML2
Q9V3Y8	Q9VG03
P54359	Q9VG03
Q0KHV6	Q9VG03
Q8T079	Q9VG03
Q9VCG4	Q9VG03
Q9VX17	Q9VG03
Q9VS59	Q9VG03
Q9VZD7	Q9VR89
Q9W2Y4	Q9VR89
Q27889	Q9VR89
P45594	Q9VHM0
Q7KRI2	Q9VHM0
Q7JXC4	P61851
Q7K490	Q9U9Q2
Q94518	Q9VPR2
Q9W418	Q9VAP2
Q9W4M8	Q9VAP2
Q9VAP2	Q9W4M8
P15372	Q9VAP2
Q9VTT2	Q9VAP2
Q9VX05	Q9XYN7
Q9VZY7	Q9XYN7
Q9XZ68	Q9VN77
Q9W083	Q9Y106
P07486	Q9VUY2
Q8SXM8	P48603
Q9VVH0	P13677
O62602	Q9V345
Q27403	P23696
Q9VAY9	Q9VQE5
Q9VXE5	Q9VSA3
Q24306	P21461
Q9V3B4	Q8IRY7
Q9VXX8	Q9VUR2
P52304	P18289
P52304	Q9W3Z4
P52304	P40301
P08879	Q94524
Q9VGM2	Q94524
Q9VWH7	Q94524
Q9TVQ5	Q7K127
P09052	Q7KN61
Q7KN61	Q9U9Q2
P42003	Q9W191
P02828	Q9V3E9
P02828	P48603
P02828	Q9VPN5
P02828	Q9VYC7
P02828	Q9VX37
Q24297	Q9VI10
Q9VI10	Q24297
Q9VI10	Q9VRT7
Q9VRT7	Q9VI10
Q9VNF8	Q7JRH2
Q9VNS4	Q9VYC7
Q7JXC4	Q9VNS4
P40417	P40417
Q9VDL2	Q6NP60
Q9VWC8	Q9VEP4
Q27297	Q9VWC8
Q9VWC8	P52486
Q9VJB3	Q9W466
P08879	Q9VRN3
Q7JWP6	Q9VRN3
Q7JW60	Q9V9V7
Q9VX05	Q9VX05
Q9VX05	Q9VX94
Q9VX05	Q9VRT9
Q9VX05	O44424
Q9VX05	Q9W4H1
Q9V3P3	Q9VX05
Q9VX05	Q7K4X4
Q9W0G6	Q9VX05
Q9VX05	O46106
P17704	Q9VX05
Q9VX05	Q9VHR7
Q9VX05	Q9VS38
Q9VDC1	Q9VX94
Q9VV90	Q9VMC7
Q9VV90	Q7KML2
Q9VVT5	Q9VV90
Q23985	Q9VIV8
Q9VYG2	Q9VIV8
Q9VS59	Q9VIV8
P48605	Q9VIV8
Q7K2X1	Q9VL65
P17704	A1Z8V7
Q8SWV6	A1Z8V7
Q24297	Q9VJI7
Q9VJI7	Q24297
Q9VLV5	Q9VJI7
Q9VJI7	Q9VKW8
Q9VRT7	Q9VJI7
Q9VJI7	Q9VRT7
Q9VJI7	O44437
Q8I8V0	Q9VRT9
Q8SY46	Q4LBB9
Q9VVT5	Q8SY46
Q7JZZ3	A1Z8Q7
Q7JZZ3	Q9VXA3
Q9V6Q2	Q9V3F2
A1Z9G7	Q05856
Q03334	Q9VVR6
P08879	Q9VVR6
Q9VT04	Q9VVR6
P05389	Q9VVR6
P23696	Q9VVR6
O18640	Q9VVR6
P36179	Q9U6R9
Q9VHW0	P36179
P36179	P52486
Q03334	Q9W503
Q03334	Q9VYC7
Q7K3W4	Q05856
Q9V3E9	P48603
Q9VK57	Q9V3E9
Q9V3E9	Q9VK57
Q9W237	Q9W191
Q9VAC1	Q9W191
Q7KNS3	Q9W191
Q9VS59	Q9VC70
Q9W4M8	Q9VC60
Q9VPH4	Q9VC60
Q9VMM4	Q9VVH6
Q9U1L6	Q9VVH6
Q9W3Z4	Q9VVH6
P48159	Q9VVH6
Q86BB1	Q9VVH6
Q9VWQ2	Q95RA8
Q9NBK5	Q95RA8
Q9W0S8	Q9VKD6
P62152	Q9VB28
Q8IPG9	Q9VMJ2
P20439	Q9VMJ2
Q7KML2	Q9VMJ2
P48461	Q9VMJ2
Q8I8V0	Q9VMJ2
Q9VMM4	Q8T3J9
Q9VTA8	Q9V3M9
Q9VE80	Q9VW76
Q9VWG3	Q7JXC4
P13469	Q24564
Q9VM05	Q24564
Q9VBD2	Q9VBD6
Q9VY76	Q9VG11
Q9VNX6	Q9VG11
Q9XZT7	Q9VY14
Q9VVK7	Q9VY14
Q9VGS2	Q9VY14
Q9V3U6	Q9VY14
Q9VY14	Q8MSX2
Q9V393	Q9VBJ6
Q9VQS0	Q9VBJ6
Q9VM05	Q9VBJ6
Q9VS59	Q9VBJ6
O18640	Q9VBJ6
P21461	Q9VBJ6
Q9VQY9	Q9VBI1
A1Z7A5	Q9VBI1
P20439	Q9VBI1
P06002	Q9VBI1
Q7K4W1	Q9VBI1
Q9W0I7	Q9VBI1
Q9VBI1	Q9W0I7
Q9U1L6	Q9VAC8
Q9U1L6	Q23985
Q9U1L6	Q9VFQ9
Q9VMZ5	A1Z8Q7
Q7KRU8	Q9VA83
Q9VA83	P40427
Q9VA70	O97111
Q7KND8	O44424
Q7K2X1	O44424
Q9VYG2	O44424
Q9VHR7	O44424
Q9V455	O44424
Q8I8V0	O44424
Q7JXC4	Q9VNE9
Q8T079	Q9VFE8
Q9W4C1	Q9VF72
Q9W5R8	Q9VF72
Q9VF72	Q9W457
P20439	Q9VF72
O77477	Q9VF72
Q9VV40	Q9VF72
Q9W4E4	Q9VF72
Q9VTT2	Q9VF72
Q9V393	Q9VTV7
Q9V393	Q86B87
Q9V393	Q9VY76
Q23985	Q9V393
Q9V393	Q9VXX8
Q9VCY3	Q9XZ58
Q9VER8	Q8IP72
Q9VKF2	O77430
Q9V9R2	Q9VYC7
P12881	Q9V5C6
Q8IRH5	Q9VYW3
P08182	Q7K4X4
P08181	P08182
Q23985	P08182
Q05856	P08182
P41093	P08182
Q9VAT2	Q9VXE5
Q9VQS4	P12982
Q00168	Q8SXG7
O18332	Q8SXG7
P39018	Q8SXG7
Q9W0U6	Q8SXG7
Q9V3U6	Q8SXG7
P41092	Q9VQF5
Q9VN19	Q8SXG7
P41092	Q9VSS2
Q7JXF5	Q9W4H1
Q27889	Q9W4H1
Q9VAF2	Q23985
Q9VAF2	Q9VJD8
Q9VC66	Q9VAC8
P54622	Q9V9Z4
Q9VG73	Q9V9Z4
Q9VUQ1	Q9V9Z4
Q9VRQ2	Q9W4M0
P41093	Q9W4M0
Q8IRH5	Q9VNK8
Q9VQS0	Q9VNK8
Q9W4E4	Q9VNK8
Q9VNM2	Q8WR53
P55828	Q7K4X4
Q8T5S9	P55828
P55828	Q94883
Q9V452	Q9V444
Q9W358	Q9V345
Q9W457	P81900
P49906	P81900
Q9W4W7	Q9XYM0
P46461	Q7KSD8
Q9VWT2	Q9V3P0
Q9VG59	Q95TK5
Q0E9B2	Q95TK5
Q9VV74	Q9VV74
Q8IRH5	Q9VV74
Q9VV74	Q9VJD8
Q9VV74	P48554
Q9VHC0	Q95RG8
Q7JNE1	Q95RG8
O18332	Q95RG8
Q23985	Q95RG8
Q9W1M6	Q95RG8
Q9VTT2	Q95RG8
Q9VHC7	Q95RG8
Q8IMB9	Q9VYG2
Q8IMB9	Q7KML2
Q6NN40	Q9VSK9
Q9VLV5	Q24297
Q24297	Q9VLV5
Q9VRT7	Q24297
Q24297	Q9W087
Q24297	Q9VRT7
Q9VK18	Q9VK18
Q9VK18	Q9W403
Q9VK57	Q9VK18
Q08473	Q9VD23
O46106	Q9VEP9
Q9VKD6	Q9VKD6
Q9VKD6	P13096
Q9VKD6	Q9Y091
Q9VDE3	O77430
O77430	Q9V6L9
Q7YZ95	O77430
Q94516	P51023
O46339	Q960X8
O46339	Q9W1A4
O46339	P40427
Q9W1B9	P48603
P48159	P48603
P08570	P48603
P22977	P48603
Q94517	P48603
Q7K4X4	Q9W4E4
Q9VK57	Q7K4X4
Q9VH94	Q7K4X4
Q7K4X4	Q9VH94
Q94523	Q9VLP3
Q94523	Q8MSX2
Q9W3N8	Q08012
Q9VLN1	Q9VW13
Q9NBK5	Q8SZ13
Q9V455	Q9VYY8
Q9W5R8	O46106
Q9W5R8	Q9W4P5
Q9W5R8	Q9VYC7
Q9W5R8	Q02361
Q9W5R8	Q9VPY9
A1ZB68	Q9W1A4
Q9W0G6	Q9VR64
P17704	Q9VR64
Q9W029	Q9VR64
Q9VVT5	Q9VR64
Q9VR64	P08928
Q9VHG6	Q9VR64
Q9VR64	Q9VHG6
Q7K2L7	Q7K2L7
Q9W303	Q8T0U6
Q9VEF1	Q9VB22
Q8MR31	Q9VKW8
Q8MR31	Q9U9Q2
Q7KTT0	P07666
Q9W334	P07666
O18640	P07666
P07666	Q7KKI0
Q9VXN3	P07666
P04197	P07666
Q86BB1	P07666
Q9V9V7	P28159
Q9VAF4	Q9VBQ9
Q00168	Q9VLG9
Q9V597	Q9W403
Q9V597	Q9V3F2
Q9V597	Q9VAZ1
Q9W3J0	Q9VY76
P48588	Q9VRB3
Q9VS59	Q9VZ27
A1Z7A5	Q9VHR7
A1Z7A5	P00528
A1Z866	Q9W424
A1Z6W6	Q9VRX7
A1Z6W6	Q9V6B9
Q8I0N3	Q9VXE5
P83094	Q9VXE5
Q7K2I4	Q9VLV5
Q7JNE1	Q9VVB5
Q7JNE1	P52295
Q9W501	Q9XZ68
P27716	Q9XZ68
O76462	Q9VB22
Q9VC66	Q9VZH1
Q8IP72	Q9VAV6
Q02748	Q9VAV6
Q23985	Q9W074
Q9W4M8	Q9W074
Q95SP2	P15372
Q9VI51	Q9W1T1
Q9VKW8	Q9W087
Q9W087	Q9VKW8
Q9VZY7	Q9W087
Q9W499	Q9W087
Q9V436	Q9W087
P54367	Q9VYC7
P48149	Q9VDZ1
Q9V4S8	P21461
Q9VYG2	Q8T0U6
Q9VK57	Q8T0U6
Q9VWR5	Q8T0U6
Q7JZV0	Q8T0U6
Q9W2T3	Q9Y122
P29613	Q9W4M8
Q94883	Q7KTT0
Q8IRH5	P18289
Q8IRH5	Q95V55
Q8IRH5	Q9VLG9
Q8IRH5	Q9VSS2
Q8IRH5	Q9V3T8
Q8IRH5	Q9NFU0
Q8IRH5	Q9VVC8
Q8IRH5	Q9VEA1
Q01820	Q8IRH5
Q8IRH5	Q9VHG6
P61209	O16043
O16043	Q9VVB4
Q9VTV7	P08879
Q8SX76	Q7KRU8
Q9V4B2	Q9W4P5
A1ZAC7	Q9VA54
P18289	P18289
O76932	O76908
Q9VPR7	Q9VA06
Q9VDS6	Q9VQF5
Q9VH64	Q9VQF5
Q9V411	Q9VQF5
Q9W4P5	Q960X8
Q9V397	Q960X8
O46036	Q960X8
Q9W3Z4	Q7KMJ6
Q9VB22	Q7KMJ6
P40427	Q7KMJ6
O46106	Q8IQG0
Q9VL91	O46106
Q7KLW9	O46106
Q8STG9	O46106
O46106	Q8I8V0
Q8I8V0	O46106
Q9W4P5	Q9VYG2
Q9W418	Q9W325
Q9W418	Q9VA06
Q9W418	Q9W403
Q9W418	Q7YZ91
Q9W2X5	Q9VCR6
Q9W2Y4	Q9VE92
P40427	Q9W2Y4
Q9W334	Q9VYC7
Q9W457	Q8IQG0
Q9W457	Q86B87
P40427	Q9V439
Q9W401	A1Z7K2
Q5U124	Q8MSX2
P27716	O77237
Q9W0Z5	P21461
Q9XZT7	Q94883
Q9VWY6	Q9XZT7
Q8SYH8	Q9W325
Q9W325	Q8T079
Q9VAH4	Q9W325
Q9VMD7	Q9W325
Q86BR6	P23572
Q9VTU4	Q9VAE7
Q9VK57	Q9VAE7
P08570	Q9VER6
Q9VER6	P48451
Q8STG9	Q95V55
P23380	Q8IP72
P84051	Q9VM22
A1Z6S7	Q9VMC7
Q9VMC7	Q9W4M8
Q7JX41	Q7JVY2
Q9VKW8	Q9V9M6
Q9VT89	P21461
Q8IQG0	P48601
Q8IQG0	P46824
Q8IQG0	Q9VHR7
Q9VTV7	Q9VTV7
Q9VB22	Q9VTV7
Q9VTV7	Q9VB22
Q9VVK7	Q24008
Q9VVK7	Q9W3U0
Q9VVK7	P21187
Q9VZY7	Q9VYC7
Q9VZY7	Q9VT01
Q86B87	Q9VKR4
P00528	Q86B87
Q86B87	P49028
Q94518	Q8IR50
Q8IR50	Q7KML2
Q9V426	Q9VYC7
P49630	Q9VYC7
Q9V5P6	Q9VYC7
Q7KMH5	Q9VYC7
Q9VS34	Q9VYC7
Q9W2S2	Q9VSS2
Q9W2W9	Q9W171
Q9V9M6	Q8IP97
Q9V9M6	P23696
P00334	P07191
Q9V9S0	Q8MLW7
Q8IQQ4	O46036
Q9VK57	Q9VDC1
Q9VWQ2	Q9VDC1
O18640	Q9VDC1
Q9VDC1	Q9VHC7
P20439	Q9VLG9
Q9VWQ2	Q9VLG9
Q9W4D1	Q9VCU7
Q9VEX9	Q9VMV9
Q9VCR6	Q95TN4
Q7KN04	Q9VCR6
Q9VCR6	Q94516
Q95TJ6	Q9VCR6
Q9VHE5	Q9VCR6
Q9W3Z4	Q9W3Z4
Q9W3Z4	Q9W255
Q9W3Z4	Q23985
Q9W3Z4	Q9VB62
Q9W3Z4	Q9VX24
P84040	Q9VUY6
Q9VEX9	Q9VT01
Q8IQF8	Q9VT01
Q9W414	Q9W414
Q9W414	P23696
Q9W170	Q9VC66
Q9VUQ1	Q9W170
P20439	P28159
Q8MSC4	Q9VHC7
P20439	Q02361
P20439	Q9VRX7
P20439	Q8MLW7
Q9W140	Q9W140
Q24562	Q94535
Q94535	Q24562
Q9W255	Q9W255
Q9W255	P00528
Q02748	Q9W255
P48159	Q9VFR0
P48159	Q9VFP9
Q23985	Q02361
Q9I7I0	Q02361
Q9VCP0	Q02361
Q9VWQ2	Q02361
P55035	Q02361
Q9V3U6	Q02361
P22058	Q02361
Q9XZ22	P21461
Q9W123	Q9W123
P06002	Q9W424
Q08012	Q9W424
Q9W424	Q9V3U6
Q8T8R1	Q9VWR5
Q94516	Q9W403
Q8T3U2	Q9W403
Q9VFS8	Q9W403
Q23985	Q7KML2
Q9VBD0	Q23985
Q23985	P15372
Q23985	P23696
Q23985	P00528
Q23985	Q9V9J3
Q23985	Q9VRX7
Q23985	Q9VIJ0
Q9I7S8	Q9I7S8
Q9VL91	Q9VX24
Q9V3K3	Q9VH07
Q9XZ31	Q7KVQ0
Q9W237	Q9V3F2
Q8SYH8	Q9W528
Q8SYH8	P48554
Q27889	Q8SYH8
Q9W1A4	Q9V6B9
P40427	Q9W1A4
P49906	Q9VJQ5
Q9VGW6	Q9V6B9
O18335	P08570
P08570	Q7JXC4
Q9VXQ5	P08570
P48605	P08570
P08570	Q9VZX9
Q9W3X5	Q8SWV6
Q9V436	Q9VK14
Q8SX89	Q9VJQ5
P45594	Q9Y091
Q9W1H8	Q9VYG2
Q9VYG2	P23696
Q9VYG2	P00528
Q9VYG2	Q9VRX7
Q9VYG2	Q9VXP3
Q9VS59	Q9VYG2
Q95TJ6	Q9VYG2
P40427	Q9VYG2
Q9VYG2	Q9VIJ0
Q9VYG2	Q8I8V0
Q9VXF9	Q9VJD8
Q9VRX7	Q9VXF9
P39018	Q0E8E8
P02518	Q7KNS3
P02518	Q9VIE7
P02518	Q8I8V0
P54350	P92208
P54350	Q9U9Q2
Q0KHV6	Q9U9Q2
Q9VL71	Q9VL71
Q95RI5	Q8IP72
Q2PE14	Q9VHG6
Q9VSS2	Q9W144
Q9VM05	Q9W144
P00528	Q24323
A1Z9B0	A1ZAK4
P10734	O46036
Q8T079	Q9U9Q2
Q9VWQ2	Q9V3M9
Q9V3U6	Q9V3M9
Q02748	Q9V3M9
Q9VRL0	Q9V345
Q9VRL0	Q8MLW7
O97111	Q9VCU7
P16163	Q9Y156
P52295	P08928
Q9VGS2	Q9VX24
Q8I8V0	Q9W4M8
P23128	Q95RA9
P05389	Q7KML2
O18404	Q0E8E8
Q0E8E8	Q9VX37
Q9VK57	Q7KML2
Q7K0Y1	Q9VTU4
Q9W4E4	Q9VJD8
Q9VD25	Q9VJD8
Q9W4E4	Q9VFQ9
Q9VVT5	Q9VSS2
Q7K3E2	Q9VVB4
Q9VBD6	P21187
Q9VPH4	P21187
Q9VM05	P21187
O46036	P21187
P21187	P07191
Q9VJZ8	P21187
P21187	Q95RA9
Q7K2X1	Q9VB22
Q7K2X1	Q9VFQ9
Q7JWR9	Q9VM22
Q9VUY9	Q9VHR7
O18404	Q7JUX9
P04359	O77237
Q9VHE5	O77237
Q9VUY6	Q9VG73
Q9V3L4	Q9VUY6
Q9VN39	Q9VUY6
O18640	P40301
P48601	Q9VFS8
Q05856	Q7YZ91
P23572	Q9VVC8
Q9V3G7	Q9VKR4
P17336	Q9VD25
Q9W1M6	Q9W1M6
P46824	P46824
Q9VWQ2	P46824
Q9VS59	P46824
Q9VXB4	P46824
P46824	A1ZBJ8
Q9VDZ1	Q9VDZ1
P27091	Q9VFV9
Q7JXF5	Q9VG59
Q9VTU4	Q9V6B9
P12982	Q9VX37
Q7JXC4	Q95RE4
Q9VHC7	P92208
P92208	P32748
O97111	Q9VB22
P48588	Q9VB22
Q9VFC6	Q9VB22
Q08605	Q7KRI2
Q7KRI2	Q08605
Q9VC90	Q9VRX7
Q9VE00	Q9VMU4
O97111	P16371
Q9VVT5	Q9VCE6
Q9VCE6	Q9VLP3
Q9VLP7	Q9VCE6
Q9VCE6	Q9VLP7
Q08012	P00528
Q9VEX9	Q7YZ91
Q8IQF8	Q9U9Q2
Q8IQF8	Q9W1T1
Q9VBH8	Q9VHF0
P16371	P13096
P50882	Q9U9Q2
P21461	P50882
P41073	Q8MLW7
Q9VUQ1	Q9VTH8
Q9VE85	Q9NFU0
P05205	Q95RV2
Q7JXF5	Q9V6B9
Q7JXF5	Q9VVB4
Q9Y091	Q9V455
Q9VX17	Q9VVC8
Q9VM05	Q9V6B9
Q8I0N3	Q9U9Q2
Q7JXC4	Q9VXX8
Q7JXC4	Q24562
P05205	P45975
P45975	P41374
P41093	Q9VHC7
Q9VWQ2	Q9VD73
P48461	Q9VX37
Q9VC66	Q9VC66
Q9VCP0	Q9VC66
Q9VRT7	Q9W2P5
Q9VIE1	Q9VVC8
Q9VCP0	P00528
Q9VTT2	Q9VTT2
Q9VFE4	Q9VTT2
Q86B44	A1ZAL4
Q9VUL1	Q9VUL1
O46036	Q9VUL1
Q9VUL1	O46036
Q9VVT5	Q9V6B9
Q9VVT5	Q9VVB4
Q8IP72	Q8IP72
Q9VCY3	Q9V345
P08928	Q9VD23
P08928	Q8T3J9
Q9VGH5	Q9VHC7
Q9VWQ2	Q7JR71
Q7JVI3	Q9VD23
Q9VWZ1	Q8I8V0
Q9VZX9	P23696
O18640	P40427
Q10714	Q8T3J9
Q9VTQ9	Q9VFS8
Q9VS59	Q9VHR7
Q9W2K8	Q9VHR7
Q9VNX6	Q7JR71
Q9V3P2	P21461
P00528	P00528
Q94516	P00528
P52029	P00528
Q9VXP3	P00528
Q9VTI8	Q9VRX7
P25843	P32392
O46036	Q9VFK4
O46036	Q9VIE7
O46036	Q9VFR0
P49630	Q8MLW7
Q9VUQ1	Q9VUQ1
Q9VUQ1	Q9VIJ0
P25843	Q9VUQ1
Q9VUQ1	A1ZBJ8
Q9VHF0	Q9VHF0
Q9VFV9	Q9VX24
Q94516	Q9VIJ0
Q9VIE8	Q7KNA0
Q9VHL2	Q9VS38
P61209	Q9VRX7
Q9W1T1	P05205
Q9VHG5	Q9V3E3
Q9VHG5	Q9VHG6
P62152	Q9VQQ3
P62152	Q9VQQ3
P62152	Q9VFQ9
Q94518	Q9VH66
Q9VXN3	Q9VXN3
Q9VS59	Q7JR71
Q7KLE5	Q9V6B9
Q9U9Q2	Q9U9Q2
Q8MLW7	Q9U9Q2
Q8I8V0	Q9U9Q2
Q9VXI1	Q9U9Q2
Q95TJ6	Q9V345
P48605	Q9V345
Q9V535	P49028
Q9V447	Q9VFQ9
Q9VIE8	Q8MSX2
Q9VW13	Q8I8V0
Q9VHC7	Q9VHC7
O61444	Q8MLW7
Q9W5W8	Q9W5W8
Q9VQF7	Q8I8V0
Q9VVX3	A1ZBJ8
Q9VHG6	Q9VHG6
P21461	Q27934
Q27934	P21461
P49906	Q9VIP1
Q9VIP1	P49906
O17445	Q9VUY2
O17445	A1Z8V7
O17445	P15372
Q08605	Q7KRI2
P41046	P41046
P41046	Q24338
P41046	P42124
P41046	Q08605
Q7KRI2	Q7KRI2
Q7KRI2	Q08605
Q9VEZ5	Q9GYV5
Q9V452	Q9V444
P49028	Q9V535
O46036	P14003
P55035	P52486
Q9VYG1	Q9VE86
Q24564	Q24564
Q24564	Q24564
Q24564	Q24564
Q24564	Q24564
Q24564	Q24564
Q95TJ9	Q24564
Q9VBX7	Q24564
Q05825	Q24564
P46150	P46150
Q9VK18	P46150
Q8SXR4	P46150
Q8SXR4	P46150
Q9VRE4	P46150
Q9VRE4	P46150
P46150	P46150
P46150	P46150
P46150	P46150
P48603	P46150
P48603	P46150
Q24306	Q9XYF4
O01382	O01382
O97111	P40792
P40792	Q7K2X1
Q9VI13	P40792
O77430	Q9VDE3
Q27297	Q9VM59
Q9W123	Q27297
Q27297	Q27297
Q94524	P42287
P21461	P42287
P05205	P42287
Q9VVT5	Q960X8
Q7KLE5	Q960X8
Q03017	Q960X8
Q23983	Q960X8
Q9VPL5	Q960X8
P07666	Q960X8
O46084	Q24564
Q9VLK2	Q24564
Q9VYG2	Q24564
Q8SY46	Q24564
P49866	Q01083
Q7JXA8	Q01083
Q7KLE5	Q7KLE5
A1Z7K2	P18489
Q9VBL3	P18489
Q7JQN4	Q24564
Q9VPY9	Q24564
Q9VXY7	Q24564
Q07327	Q24564
Q24311	Q24564
Q9VTZ7	Q24090
Q9W2N0	Q24090
Q95RI5	Q24090
Q9VK69	Q24090
Q9W3D6	Q24090
P52304	Q9VAT2
Q23973	P52304
P46150	Q24564
Q9VCR6	Q24564
Q9VCE0	P46150
Q9VKB2	P46150
O77430	Q9VDE3
Q7KRU8	Q9VDE3
Q967S0	Q9VEH1
P09081	Q95TJ9
P09081	P42003
Q9VC60	P23573
Q05856	Q9VRQ2
Q9VWZ8	P08181
P36872	P42003
Q9V6L9	O77430
Q7JXC4	P36872
A1Z6E0	O97143
A1Z6E0	O77051
A1Z6E0	Q95TJ9
A1Z6E0	Q8INB9
O46084	Q8INB9
O46084	O97143
Q9VRQ2	Q9XZ58
Q8SX86	O77430
Q9VUX9	Q24276
Q7JX82	Q9VRQ2
P12982	P23573
Q27297	Q95TJ9
Q27297	Q8INB9
Q27297	O97143
Q95TJ9	P23573
Q95TJ9	P42003
Q95TJ9	O97143
P12370	Q24276
P09081	O97143
P09081	Q24276
Q9VTH8	Q9VRQ2
Q9VKF2	O77430
Q9VKF2	P23573
P09081	O77430
Q95TJ9	Q9W351
O97143	Q9W351
Q9VMN6	O77430
Q9W351	Q9VEH1
Q9VMN6	P46824
Q9VMN6	Q9VEH1
Q9VAE7	Q9VRQ2
Q7YZ95	O77430
Q9VDE3	O77430
P09081	O77051
Q27889	Q9V730
O77430	Q24134
Q9VC60	P23572
Q9VC60	Q95TJ9
Q9VC60	Q8INB9
Q9VC60	Q9VRQ2
P54733	P23572
P46824	Q24113
O15945	P46824
Q9XZ22	P46824
Q9VXA3	Q9VRQ2
P91943	Q95TJ9
P91943	P42003
P91943	O97143
Q9W1A4	P42003
P09081	P14785
Q9VC60	Q9VEH1
Q9V3T8	Q9VEH1
Q9V3W7	Q9VEH1
A1Z6E0	P14785
A1Z6E0	Q9VEH1
A1Z6E0	P23573
P23573	O46084
O76932	Q9V9R2
Q27297	P48609
Q27297	Q9VXE5
Q27297	Q9VEH1
Q27297	Q9N6D8
Q27297	Q9VPH2
Q27297	P23573
Q27297	Q9W102
Q27297	Q9V475
Q95TJ9	Q9V9R2
P09081	Q9N6D8
Q9VTH8	Q9VI13
Q967S0	Q9VI13
Q7YZ95	Q9VI13
Q9VL71	Q9VEH1
Q9VDE3	Q9VI13
P54733	P48609
Q7KML2	P48609
P91943	P48609
P91943	Q9V9R2
A1Z6E0	O77051
P54733	P23572
P91943	Q95TJ9
P91943	O97143
P54733	P48609
O46084	Q9VEH1
Q2PE14	Q9N6D8
Q86B44	Q9N6D8
A1Z6E0	P46824
Q9VH02	P23573
Q9VKW8	P23573
Q24318	Q8SYD0
Q9XYF4	O01382
O01382	O01382
Q24306	Q9XYF4
P21461	P21461
P21461	Q27934
P21461	Q27934
Q27934	Q27934
P29310	Q8IPH9
Q24338	P42124
P12982	Q9VX37
Q9VQS4	P12982
P48462	Q9VX37
Q9VQS4	P48462
Q9VX37	P48461
P48461	Q9VQS4
Q05547	Q9VX37
Q9VQS4	Q05547
Q9VX37	P48462
Q9VQS4	P48462
Q2MGL3	Q9VV74
Q9VEX9	P09081
Q9VEX9	Q08605
P42124	Q9VEX9
Q9VEX9	Q9VEX9
Q9VEX9	P42124
Q9VWZ1	Q8I8V0
P22469	P54733
P22469	Q9V6B9
Q9VM95	Q9VUC3
O77430	Q8SX86
Q9VH02	Q23983
Q9W4S7	P23573
Q9VUC3	Q9VNH1
P48609	Q9W5Y0
P54733	P23572
Q9VFL8	Q9W140
O77430	Q8SX86
Q9VFL8	Q9VIN6
P23573	P48601
Q9VH02	Q23983
P48601	Q9VFL8
Q8SYD0	Q9VFL8
P09081	Q9VFL8
Q27415	P23573
P54733	P23572
P23573	Q9V3B4
P40427	O46339
P22812	Q05652
Q03017	Q03017
P22812	Q05652
P22812	Q05652
P13096	P16371
P13096	P13096
P16371	P13096
P14003	P16371
P16371	P22814
P22769	Q9XYN7
Q7K148	P22769
P51406	Q9VAQ5
P54399	Q9W1G0
Q9V436	P12881
Q7K148	Q9V436
P18053	Q9XYN7
P12881	Q9XYN7
P40301	Q9XYN7
Q7K148	Q9XYN7
O77430	Q7JVY0
Q9VUZ0	P23380
Q8SXG7	Q05547
Q7KMP8	Q9V3Z4
Q7KMP8	P26270
P12881	Q7K148
P18053	P40301
P40301	P12881
Q7K148	P40301
P23380	Q9VFE3
Q8SXG7	P12982
Q08605	Q86B87
P26270	Q9V436
Q9V436	Q9XYN7
Q9VPW2	Q9W2S2
Q9VG73	Q0KIB3
Q9VG73	Q8SXG7
P20353	A1Z6R7
Q9XYN7	Q7K148
Q9VHL2	Q9V426
P40301	P18053
Q9VFE3	P23380
O77430	O77430
O96880	P51406
Q8INE8	Q9V426
Q27889	Q9VXP4
P48601	Q9VTQ9
P55035	P48601
P40301	Q9V5C6
Q9V5C6	Q9VK14
P48601	Q9VK14
Q9VK14	P18053
P40301	P18053
P23573	P08182
P12881	P48601
P23573	P08181
Q7KMP8	P26270
P92208	Q9VM49
Q9VK14	Q9VTQ9
P92208	P48601
P17917	Q9VX15
Q9VXF9	Q9VJ33
Q9VK14	P55035
Q9V345	P40301
P48601	Q9V345
P23573	O18640
P55035	Q9VJ33
P23696	Q9VM49
P48601	P23696
P23573	Q8T0S6
Q95083	P40301
Q9VK14	Q9V5C6
P40301	Q9VK14
Q9VK14	P48601
P48601	P12881
Q9XYN7	Q9VK14
Q9V5C6	Q9XYN7
Q7KMP8	P26270
P40301	P48601
P12881	Q9XYN7
P55035	P92208
P23573	Q9VRS0
P92208	O61444
Q9VRS0	A1Z866
P48601	Q05825
P55035	P23696
Q24324	P11346
P51140	P18537
P51140	Q9VVX3
P14003	P16371
O46036	P14003
Q9VS59	O61348
P04197	Q9VS59
Q9VS59	Q9VS59
P12881	Q9VS59
P10734	Q9VS59
P84040	Q9VS59
Q9VYG2	Q9VS59
Q9VS59	O77477
Q8ST83	Q9VS59
P19109	Q9VS59
Q9V6Q2	Q9VS59
Q9VZ23	Q9VS59
Q9VS59	Q9V455
Q9W0P9	P51023
Q8IR83	Q9VVB4
Q9VV74	Q9VV74
Q9VN77	Q9XZ68
Q9VPF3	Q9VPF3
Q9VHV6	Q9VS38
Q9VHV6	A1Z866
Q9VHV6	Q7KND8
Q9VHV6	Q8SX76
Q9VHV6	Q9VAF2
Q9VF40	Q9VHV6
Q9VGZ2	Q9VGZ2
A1Z866	Q9VHC0
Q8IPX7	Q9VGZ2
Q7KND8	Q9VFS8
P05389	P08570
P05084	P21461
Q8IR83	Q9VC66
Q8IHH3	P21461
Q9VAF2	Q9VAF2
Q8IMP2	Q8IMP2
Q9VMC7	A1Z7K2
Q7KND8	A1Z7K2
Q9VMC7	Q9VMC7
A1ZB71	A1ZB71
Q9VEL2	P20227
Q8IPX7	Q9VGZ2
Q9VS38	P53034
P17789	P21461
Q9VB64	Q9VB64
Q05856	P21461
P16163	Q9W2M0
P16163	P16163
Q05856	Q95RR8
P46461	P54351
Q7KND8	P23128
Q9VEP9	Q9VTT2
P23128	Q95RR8
Q9TW27	Q24276
P17789	Q24276
Q9VTT2	Q9VTT2
P49906	Q9VJQ5
Q27889	Q9W1A4
Q9VRE7	Q27889
Q7JNE1	Q7JNE1
P52486	P21461
P48601	Q9VYG1
Q9VFQ9	Q9VFQ9
Q94883	Q94883
Q94883	Q9VCB9
Q9W3Z4	Q9VZ23
Q8SYD9	P55828
Q94524	Q94524
Q9VTT2	O62531
O77237	Q7JXU4
O76861	Q9V3P3
Q9W3F6	Q7KML2
P17336	Q7KML2
Q9W501	Q9XZ68
Q8SY07	Q9V345
Q9U6R9	Q9U6R9
A1Z866	Q9W4P5
Q9VN77	Q9XZ68
Q9W501	Q9XZ68
Q9V3M9	Q86B79
Q9V3P3	Q9V3P3
Q9VYX1	Q9U6R9
Q9W3Z4	Q9W3Z4
Q9VYX1	Q9VI64
Q9VVR6	Q9VYX1
Q9I7S2	Q9I7S2
Q2PE14	Q9VPK4
Q9VM87	Q9V3P3
Q9VKU4	A1Z866
Q9VKU4	Q9W3Z4
Q9VKU4	Q9VM59
Q9VKU4	P17789
Q9VKU4	Q7KND8
Q9VKU4	Q9VVC8
P50536	P17789
Q7JX41	Q7JX41
Q9VIE6	P21461
P50536	Q9W3Z4
Q9VIE6	Q7KND8
Q7KND8	Q7JX41
P50536	Q8SX76
Q9V637	Q9V637
Q8IR83	Q9V6B9
Q9V6B9	Q95RR8
Q7K1H9	P08570
Q8SYD9	Q8SYD9
Q7KND8	Q9W2A3
Q9W2A3	Q86B79
Q9W158	Q95RR8
Q9W0P9	P51023
Q8IR83	Q9VVB4
Q9VV74	Q9VV74
Q9VN77	Q9XZ68
Q9VPF3	Q9VPF3
Q9VHV6	Q9VS38
Q9VHV6	A1Z866
Q9VHV6	Q7KND8
Q9VHV6	Q8SX76
Q9VHV6	Q9VAF2
Q9VF40	Q9VHV6
Q9VGZ2	Q9VGZ2
A1Z866	Q9VHC0
Q8IPX7	Q9VGZ2
Q7KND8	Q9VFS8
P05389	P08570
P05084	P21461
Q8IR83	Q9VC66
Q8IHH3	P21461
Q9VAF2	Q9VAF2
Q8IMP2	Q8IMP2
Q9VMC7	A1Z7K2
Q7KND8	A1Z7K2
Q9VMC7	Q9VMC7
A1ZB71	A1ZB71
Q9VEL2	P20227
Q8IPX7	Q9VGZ2
Q9VS38	P53034
P17789	P21461
Q9VB64	Q9VB64
Q05856	P21461
P16163	Q9W2M0
P16163	P16163
Q05856	Q95RR8
P46461	P54351
Q7KND8	P23128
Q9VEP9	Q9VTT2
P23128	Q95RR8
Q9TW27	Q24276
P17789	Q24276
Q9VTT2	Q9VTT2
P49906	Q9VJQ5
Q27889	Q9W1A4
Q9VRE7	Q27889
Q7JNE1	Q7JNE1
P52486	P21461
P48601	Q9VYG1
Q9VFQ9	Q9VFQ9
Q94883	Q94883
Q94883	Q9VCB9
Q9W3Z4	Q9VZ23
Q8SYD9	P55828
Q94524	Q94524
Q9VTT2	O62531
O77237	Q7JXU4
O76861	Q9V3P3
Q9W3F6	Q7KML2
P17336	Q7KML2
Q9W501	Q9XZ68
Q8SY07	Q9V345
Q9U6R9	Q9U6R9
A1Z866	Q9W4P5
Q9VN77	Q9XZ68
Q9W501	Q9XZ68
Q9V3M9	Q86B79
Q9V3P3	Q9V3P3
Q9VYX1	Q9U6R9
Q9W3Z4	Q9W3Z4
Q9VYX1	Q9VI64
Q9VVR6	Q9VYX1
Q9I7S2	Q9I7S2
Q2PE14	Q9VPK4
Q9VM87	Q9V3P3
Q9VKU4	A1Z866
Q9VM59	Q9VKU4
Q9VKU4	Q7KND8
Q9VKU4	P17789
Q9VKU4	Q9W3Z4
Q9VKU4	Q9VVC8
P50536	P17789
Q7KND8	Q7JX41
Q9VIE6	P21461
Q9VIE6	Q7KND8
P50536	Q9W3Z4
Q7JX41	Q7JX41
P50536	Q8SX76
Q8IR83	Q9V6B9
Q9V6B9	Q95RR8
Q9V637	Q9V637
Q7K1H9	P08570
Q8SYD9	Q8SYD9
Q7KND8	Q9W2A3
Q9W2A3	Q86B79
Q9W158	Q95RR8
Q6GKZ1	Q9V475
Q6GKZ1	Q9V475
Q02748	P22745
Q02748	P22745
Q9VAC8	Q9I7U5
Q9XZ31	Q9I7U5
Q9I7U5	Q9I7U5
Q9V345	P22745
P14003	Q9VJQ5
P40427	O46036
P40427	O46339
Q95V55	O61734
Q95V55	Q8IQJ5
Q95V55	P22814
Q95V55	Q8ST83
Q95V55	Q08605
Q95V55	Q9VEF1
Q95V55	O46036
Q9VSZ3	P14003
P05205	O61348
Q9V452	Q9V444
Q9V444	Q9V452
Q9V452	Q9W2K8
P41073	P16371
P98149	P22711
Q9XZS8	P42003
Q7JN06	Q7JN06
Q9VAF2	Q9VAF2
O77051	P28159
P91943	P91943
P17789	P17789
P17789	Q8IQJ5
Q9VJQ5	Q9W064
Q9VM61	Q9W4S7
Q9VM61	Q9VM61
Q8I8V0	Q9VWT2
Q8ST83	Q08605
Q8I8V0	P16371
Q9XZJ4	P40301
Q9VKU4	Q9VVH6
Q7K4C7	Q9VZ23
Q8SYH8	Q9VJ68
O62531	Q9W192
Q9XYM0	Q7KBL8
Q9V3E7	Q9V3E7
O62531	Q9VH64
Q9VHG6	Q9VA54
Q9VTT9	O76742
Q8SYH8	Q7JN06
Q9W3E0	A1Z7K2
Q8IR83	A1Z7K2
Q9VC70	A1Z7K2
Q9VMU4	Q9V429
Q9VZX9	Q9VZX9
O62531	O62531
P17789	O62531
P98149	O62531
P17789	O62531
Q9VHV6	O62531
P51023	P98149
Q95RI5	P98149
Q8SZ13	P98149
Q9VHG6	P98149
Q9VRE4	P98149
Q9VBS0	P98149
Q9Y106	P98149
Q9VAQ5	P98149
Q8IHH3	P98149
Q9VSN9	P98149
Q9VYX1	P98149
Q6NN40	P98149
P84040	P98149
Q9VKW8	P98149
Q8SYH8	Q9VHS8
P21461	O62602
Q8SYH8	Q9VTV7
P54351	P54351
Q8SYH8	Q9V3J4
Q9W2K8	Q9V3J4
P17789	P51406
Q94524	Q9VBX7
Q9VHV6	Q9VTT2
Q94883	Q9VTT2
Q8SYH8	Q9NFP5
Q8SYH8	Q9W0E8
Q9VHV6	Q9VM59
Q9V9Z9	Q9VZE6
Q7JX41	Q9VAF2
P07666	Q9VAF2
Q9VHC0	Q9VHC0
P22769	Q95083
Q9VIT3	Q94524
Q9W0P9	Q94524
Q9V4Q8	P43332
P22769	Q9XZJ4
Q9VHV6	Q86B79
Q9Y106	Q86B79
Q9VGH5	Q86B79
Q95RG8	Q86B79
Q9VHG6	Q9VHG5
Q9VHG6	Q9VHG5
Q9W029	Q7K3J0
Q9VCY3	Q9V345
Q9VKD6	Q9W0S8
Q9VKU4	Q9VTT9
Q9VHV6	Q9V3M9
A1Z866	Q9V3M9
Q9W2A3	Q9V3M9
Q8I062	Q9V3M9
Q7KND8	Q9V3M9
P21461	Q9V3M9
Q9VTA8	Q9V637
P40417	P21461
Q9W2A3	P21461
Q9Y106	P21461
Q9VKU4	P21461
A1Z7S7	Q9VUZ0
Q9VVB5	Q7K148
Q9VT04	Q9VPW2
Q9VKU1	Q95RI5
Q7JW60	P23128
O77237	Q05652
Q9VE19	Q27889
Q9Y091	Q27889
Q24214	Q27889
Q9VE19	Q27889
O62530	P17789
Q9VHF0	Q9VHF0
Q9VM87	O62530
Q9VX24	O62530
Q9VS51	Q9VKU1
Q9VHV6	Q9W2M0
Q9VZD7	Q9VZD7
Q9VBD5	Q95T12
P08181	Q9VXB4
Q9VHV6	Q9VVC8
Q9VLV5	Q24297
Q9VJI7	Q9VLV5
Q1LZ24	Q9VFS8
Q9VKU4	Q9VTU4
Q9VQ27	Q9VQ27
Q94883	Q9VQ27
P49906	Q9VIP1
P83100	Q8SYH8
Q9W4M8	Q8SYH8
Q9V393	Q8SYH8
Q9W087	Q8SYH8
Q9VPH4	Q8SYH8
Q9W2A3	Q8T421
Q9W2A3	Q9VC66
Q8I062	Q9VC66
Q9VHV6	Q8I062
Q9W2A3	Q9XYM0
Q9VS51	P23380
P46461	P46461
Q9VDZ2	O44424
Q94883	Q9VB64
Q9VHV6	Q9W3E0
Q9VHV6	Q9VP67
P05389	Q9W227
Q9XZJ4	P40301
Q9VKU4	Q9VVH6
Q7K4C7	Q9VZ23
Q8SYH8	Q9VJ68
O62531	Q9W192
Q9XYM0	Q7KBL8
Q9V3E7	Q9V3E7
O62531	Q9VH64
Q9VHG6	Q9VA54
Q9VTT9	O76742
Q8SYH8	Q7JN06
Q9VC70	A1Z7K2
Q9W3E0	A1Z7K2
Q8IR83	A1Z7K2
Q9VMU4	Q9V429
Q9VZX9	Q9VZX9
Q9VHV6	O62531
P17789	O62531
O62531	O62531
P98149	O62531
P17789	O62531
Q95RI5	P98149
P51023	P98149
Q9VAQ5	P98149
Q9VYX1	P98149
Q6NN40	P98149
Q8IHH3	P98149
Q8SZ13	P98149
Q9VHG6	P98149
Q9VRE4	P98149
Q9VBS0	P98149
Q9Y106	P98149
Q9VSN9	P98149
P84040	P98149
Q9VKW8	P98149
Q8SYH8	Q9VHS8
P21461	O62602
Q8SYH8	Q9VTV7
Q9W2K8	Q9V3J4
P54351	P54351
Q8SYH8	Q9V3J4
P17789	P51406
Q94524	Q9VBX7
Q9VHV6	Q9VTT2
Q94883	Q9VTT2
Q8SYH8	Q9NFP5
Q8SYH8	Q9W0E8
Q9V9Z9	Q9VZE6
Q9VHV6	Q9VM59
Q9VHC0	Q9VHC0
P07666	Q9VAF2
Q7JX41	Q9VAF2
P22769	Q95083
Q9W0P9	Q94524
Q9VIT3	Q94524
Q9V4Q8	P43332
P22769	Q9XZJ4
Q9Y106	Q86B79
Q9VGH5	Q86B79
Q95RG8	Q86B79
Q9VHV6	Q86B79
Q9VHG6	Q9VHG5
Q9VHG6	Q9VHG5
Q9W029	Q7K3J0
Q9VCY3	Q9V345
Q9VKD6	Q9W0S8
Q9VKU4	Q9VTT9
Q9W2A3	Q9V3M9
Q8I062	Q9V3M9
A1Z866	Q9V3M9
P21461	Q9V3M9
Q9VHV6	Q9V3M9
Q7KND8	Q9V3M9
Q9VTA8	Q9V637
P40417	P21461
Q9VKU4	P21461
Q9W2A3	P21461
Q9Y106	P21461
A1Z7S7	Q9VUZ0
Q9VVB5	Q7K148
Q9VT04	Q9VPW2
Q9VKU1	Q95RI5
Q7JW60	P23128
O77237	Q05652
Q9VE19	Q27889
Q9Y091	Q27889
Q24214	Q27889
Q9VE19	Q27889
O62530	P17789
Q9VHF0	Q9VHF0
Q9VM87	O62530
Q9VX24	O62530
Q9VS51	Q9VKU1
Q9VHV6	Q9W2M0
Q9VZD7	Q9VZD7
Q9VBD5	Q95T12
P08181	Q9VXB4
Q9VHV6	Q9VVC8
Q9VLV5	Q24297
Q9VJI7	Q9VLV5
Q1LZ24	Q9VFS8
Q9VKU4	Q9VTU4
Q94883	Q9VQ27
Q9VQ27	Q9VQ27
P49906	Q9VIP1
Q9VPH4	Q8SYH8
Q9W087	Q8SYH8
P83100	Q8SYH8
Q9W4M8	Q8SYH8
Q9V393	Q8SYH8
Q9W2A3	Q8T421
Q9W2A3	Q9VC66
Q8I062	Q9VC66
Q9VHV6	Q8I062
Q9W2A3	Q9XYM0
Q9VS51	P23380
P46461	P46461
Q9VDZ2	O44424
Q94883	Q9VB64
Q9VHV6	Q9W3E0
Q9VHV6	Q9VP67
P05389	Q9W227
