Q7K105	Q9V3B4
Q7K105	Q8IRY7
Q95RE4	P28750
Q9W0K0	Q9W0K0
P46824	Q9W0K0
Q24572	Q7K159
Q24572	Q24572
Q24572	P04197
Q7K159	Q24572
Q7K159	P04197
P04197	Q7K159
P04197	Q24572
P40793	Q9VXE5
P21461	Q27934
P21461	P21461
Q27934	P21461
P23128	P48598
P23128	P48598
P23128	P28750
Q24338	P41046
Q24338	P42124
Q24338	Q24338
Q24338	P42124
Q08605	Q7KRI2
P45975	Q94517
Q94517	P45975
Q9GYV5	Q9VEZ5
Q9VEZ5	Q9GYV5
Q9V444	Q9V452
Q9V452	Q9V444
P23572	Q9I7I0
P23572	P20439
P23572	Q9I7I0
Q9V535	P49028
P52486	P55035
Q9W2R9	O76901
Q9XYF4	O01382
Q9XYF4	Q24306
Q9XYF4	Q24306
Q9XYF4	Q24306
Q9XYF4	Q24306
Q8MUJ1	Q9VWS4
Q8MUJ1	Q9VWS4
Q8MUJ1	Q9VWS4
P12370	P00528
P22812	Q7K105
Q05652	P22812
Q7K105	Q05652
Q9VF04	Q24318
Q9VF04	O77051
Q9VF04	Q24572
Q9VF04	Q24318
Q9VF04	P04197
Q9VF04	O77051
Q9VF04	Q24572
P29310	Q8IPH9
P29310	Q8IPH9
P42124	Q24338
Q24338	P42124
Q24338	Q94517
Q24338	P42124
P42124	Q94517
Q8MSX2	P36958
Q9W0P3	Q9VEC1
Q9W0P3	Q8MSX2
Q9V439	Q8MSX2
Q9V439	Q9VEC1
Q9VVS4	Q9VEC1
Q9VVS4	Q8MSX2
Q9VBQ9	Q9VEC1
Q9VBQ9	Q8MSX2
Q9Y169	Q9V730
Q9V730	Q9Y169
Q2MGL3	Q9VV74
Q24311	O77430
Q24311	O77430
P42124	Q9VEX9
Q9VEX9	P42124
Q9VEX9	Q24338
Q24338	P42124
Q24338	Q24572
Q24338	P42124
Q24338	Q24572
Q24338	Q94517
Q24338	P42124
Q24338	Q94517
Q24338	Q24572
Q24338	P42124
Q94517	Q24338
P42124	Q24338
Q24338	Q24572
Q9U5W9	Q9XZT7
Q9U5W9	Q8I8V0
Q9U5W9	Q27272
Q9U5W9	P20227
Q9XZT7	Q27272
Q9XZT7	Q9U5W9
Q9XZT7	P20227
Q8I8V0	Q27272
Q8I8V0	Q9U5W9
Q8I8V0	P20227
Q24338	P42124
Q24338	Q24572
P42124	Q24338
P18431	O77059
P18431	O77059
P54733	P14785
P23572	P14785
P22469	P14785
P23572	P54733
P22469	P23572
Q7JVY2	Q9VIE6
Q9VIE6	O96989
Q24168	Q9VIE6
Q9VIE6	P05205
Q9VIE6	Q9VIE6
O96989	Q9VIE6
Q7JVY2	Q9VIE6
Q24168	Q9VIE6
Q9VIE6	P05205
Q03017	P22812
P29310	Q45VV3
Q9VYX1	Q9U5W9
Q9VYX1	Q8I8V0
Q9VYX1	Q7JXF5
Q9VVR6	Q9VVR1
Q27889	Q9XZL8
Q24214	Q9XZL8
O97111	A1Z9X0
O97111	A1Z9X0
P40792	P25843
P40792	P25843
Q9VCK0	Q94517
Q94517	Q9VCK0
O44437	Q9VJI7
Q9VJI7	Q9VRT7
Q9W087	Q9VJI7
Q9W2P5	Q9VJI7
Q9W087	Q9VKW8
Q9W2P5	Q9W087
Q9VRT7	Q9W2P5
Q9VJI7	Q9VKW8
P53034	Q9VX15
Q9VPH2	Q24317
Q7KBL8	Q9VBQ9
Q9VWC8	Q27297
Q8IP97	Q9VK69
Q45VV3	P42003
P42003	Q45VV3
Q9NBK5	Q9V719
Q7JWP6	Q95RV2
Q7JWP6	P05205
Q95RV2	P05205
Q95RV2	Q7JWP6
Q95RV2	P05205
Q95RV2	Q7JWP6
Q95RV2	P05205
Q7JWP6	Q95RV2
Q7JWP6	Q95RV2
P29829	Q9NFZ3
Q9NFZ3	P29829
Q9VBX2	P25843
Q9VBX2	O62602
Q9VBX2	Q9V3J8
Q9VBX2	P18289
Q9VBX2	O61444
Q9VBX2	Q9V444
Q9VBX2	Q9VJQ5
Q9VBX2	Q9VJ73
Q9VBX2	Q9W0R7
Q9VBX2	Q9W2I4
Q9VBX2	Q9VM59
Q9VBX2	Q7KSD8
Q9VBX2	Q9VWZ1
Q9VJ73	Q9W2I4
Q9VJ73	Q9VM59
Q9VJ73	Q9V3J8
Q9VJ73	Q9VJQ5
Q9VJ73	Q9V444
Q9VJ73	Q7KSD8
Q9VJ73	Q9VWZ1
Q9VJ73	Q9W0R7
Q9VJ73	Q9VBX2
Q9V444	Q9V3J8
Q9V444	Q9VJQ5
Q9V444	Q9VM59
Q9V444	Q9VBX2
Q9V444	Q7KSD8
Q9V444	Q9VWZ1
Q9V444	P18289
Q7KSD8	Q9V3J8
Q7KSD8	Q9V444
Q7KSD8	Q9VM59
Q7KSD8	Q9W2I4
Q7KSD8	Q9VJ73
Q7KSD8	Q9VBX2
Q7KSD8	Q9VWZ1
Q9V444	Q9VJQ5
Q9V444	Q9V3J8
Q9V444	Q9VWZ1
Q9V444	P18289
Q9V444	Q9W2I4
Q9V444	Q9VBX2
Q9VBX2	Q9VWZ1
Q9VBX2	Q7KSD8
Q9VBX2	Q9VJQ5
Q9VBX2	Q9VJ73
Q9VBX2	Q9VM59
Q9VBX2	Q9V3J8
Q9VBX2	Q9W2I4
Q9VBX2	Q9W0R7
Q9VBX2	Q9V3J8
Q9VBX2	Q7KSD8
Q9VBX2	Q9VJQ5
Q9VBX2	Q9VJ73
Q9VBX2	Q9W2I4
Q9VBX2	Q9W0R7
Q9VBX2	Q9VM59
Q9VBX2	Q9VWZ1
Q9VBX2	Q7KSD8
Q9VBX2	Q9VJQ5
Q9VBX2	Q9V3J8
P18289	Q9VJ73
P18289	Q9VJQ5
P18289	Q9VBX2
Q9XYF4	Q24306
Q9V393	P40417
P40417	Q9V393
P40417	Q9V393
P40417	Q9V393
P40417	Q9V393
Q9V393	P40417
P40417	Q9V393
P40417	Q9V393
Q9V393	P40417
P40417	Q9V393
Q9V393	P40417
Q9V393	Q24324
Q9V393	Q03017
Q24324	P40417
P11346	Q9V393
Q9V393	Q03017
Q9V393	P40417
Q95SI0	Q7PLL3
P16371	O97102
Q9V3K3	Q9W4S7
Q9W4S7	Q9VH07
Q9VH07	Q9V3K3
Q9V3K3	Q9VH07
Q9V3K3	Q9W4S7
Q9VH07	Q9W4S7
Q9W4S7	Q9VH07
Q9W4S7	Q9V3K3
Q9V3K3	Q9VH07
Q9VH07	Q9V3K3
P42124	Q24338
Q9W0N9	P91943
O46036	O46036
O46036	O46036
O46036	O46036
Q8SX86	P12881
Q8SX86	Q9V637
Q8SX86	P12881
Q8SX86	Q9V637
Q9V637	Q8SX86
Q9V637	Q8SX86
P05205	Q9W0Z5
Q9W0Z5	P05205
Q9XZ56	Q7JXA2
Q9XZ56	Q09024
Q9XZ56	Q9V345
Q9XZ56	Q9W328
Q9XZ56	P48598
Q9XZ56	Q9W3C4
Q9XZ56	Q9V719
Q9XZ56	Q2MGL3
Q9XZ56	Q9W328
Q9XZ56	P48598
Q9XZ56	Q2MGL3
Q9XZ56	Q9V719
Q9XZ56	Q9W3C4
Q9XZ56	Q09024
Q9XZ56	Q86B79
Q9XZ56	Q9V345
Q95V55	P29310
Q95V55	P92177
Q86B79	Q9V719
Q86B79	Q9W328
Q86B79	Q9V719
Q9W328	Q9VHL2
Q9W328	Q9VXQ5
Q9W328	Q9VTE5
Q9W328	Q9VPN5
Q9W328	Q9VNF8
Q9W328	Q9VXQ5
Q9W328	Q9VPN5
Q9W328	Q7JXA2
Q9W328	Q9VHL2
Q9W328	Q9VTE5
Q9W328	Q9VNF8
Q9V719	O77237
Q9V719	Q9W328
Q9V719	Q7JXA2
Q9V719	O77237
Q9V719	P92177
Q9V719	Q9W328
P28159	Q8SYK5
P28159	Q8SYK5
Q9VCU7	Q9VCU7
Q9VCU7	P02518
Q9VCU7	Q9VXR5
Q9V629	Q7JXA8
Q9VXY9	P09615
Q9VXY9	P09615
Q9VN55	Q9VHI1
Q9VHI1	Q9VN55
P09081	O97102
P09081	O97102
P09081	O97102
P02828	P92204
P02828	P92204
Q9VZ27	Q94517
Q9VZ27	P17789
Q7PL26	Q9VEL2
Q7PL26	Q9VEL2
Q9VEL2	Q9W4S7
E1JHY7	Q7K112
Q9VQ91	P23128
Q9VQ91	M9PF20
P09052	A1Z6E0
Q9V6L9	P09052
P09052	P09052
P09052	A1Z6E0
P09052	P09052
P09052	Q9V6L9
Q9V6L9	Q24311
A1Z6E0	P09052
Q9VFS8	Q9V637
P18053	Q9V637
Q9VFS8	Q9V637
Q9V637	P18053
P12881	Q9V637
Q9XZJ4	Q9V637
Q9VYG1	Q9V637
Q9V5C6	Q9V637
Q24044	Q9VRQ2
Q24564	Q24564
Q24564	Q24564
Q8T0S6	Q9VCR6
P20227	P40791
P20227	P40791
Q9VSF0	P14199
Q9V3J8	Q9VAF4
Q9VAF4	Q9VZJ3
Q9VZJ3	Q9VAF4
Q9V3J8	Q9VAF4
Q9V3J8	Q9VAF4
Q9VAF4	Q9V3J8
Q9VAF4	Q9VZJ3
Q94883	Q7JN06
Q9XZ56	Q86PA0
Q9XZ56	Q9VCE2
Q9XZ56	P48598
Q9XZ56	Q8IR83
Q9XZ56	Q1LZ24
Q9XZ56	Q9Y171
Q9XZ56	Q9VQS4
Q9XZ56	Q7K4L8
Q9XZ56	Q9VM05
Q9XZ56	Q9VYT8
Q9XZ56	Q9VFE8
Q9XZ56	Q9VZD5
Q9XZ56	Q9W083
Q9XZ56	Q9VA35
Q9XZ56	Q9VKC6
Q9XZ56	Q9V558
Q9XZ56	Q95TK5
Q9XZ56	P21187
Q9XZ56	Q9VE85
Q9XZ56	Q9W4M0
Q9XZ56	Q9VV09
Q9XZ56	P49866
Q9XZ56	Q9VV90
Q24568	P31368
Q24568	Q9VJA9
Q24568	Q9V3E7
Q24568	A1Z7K2
Q24568	Q9W4Z9
Q24568	Q9VH64
Q24568	Q7K2X1
Q24568	Q95R34
Q24568	Q9VF72
Q24568	Q8SX76
Q24568	Q9VE94
Q24568	Q9VEX6
Q24568	Q9VK35
Q24568	Q9VZI3
Q24568	Q9U5L1
Q24568	Q8T4D6
Q24568	Q9VZY3
Q24568	Q9I7M8
Q24568	Q7KTL4
Q24568	Q9VPL5
Q24568	Q9VIJ0
Q24568	Q86BB1
Q24568	Q9VBF5
Q24568	Q7KTT0
Q24568	Q9VBL3
Q24568	A1Z9G1
Q24568	Q9V769
Q24568	Q9VSK9
Q24568	Q8T421
Q24568	Q9V3Y8
Q24568	Q4V4S9
Q24568	Q9VG73
Q24568	Q9VJX4
Q24568	Q9VVQ9
Q24568	Q9VSG7
Q24568	P05084
Q24568	O76464
Q24568	Q9VY05
Q24568	Q9VWR5
Q24568	Q9VD51
Q24568	Q9VZK8
Q24568	Q9W1G0
Q24568	P16568
Q24568	Q01820
Q24568	Q9VRX7
Q24568	Q9Y105
Q24568	Q9V3E9
Q24568	Q9VQV3
Q24568	P04197
Q24568	Q967S0
Q24568	Q9VIP9
Q24568	Q9W3J0
Q24568	Q9VSE8
Q24568	Q9W021
Q24568	Q9VVB5
Q24568	A1ZAH1
Q24568	Q9VES5
Q24568	Q9VMS3
Q24568	Q9W1N6
Q24568	Q9VUH5
Q24568	P12428
Q24568	Q9VA45
Q24568	Q9VCJ9
Q24568	Q9VL65
Q24568	P22814
Q24568	Q9VYW3
Q24568	Q8SYD9
Q24568	Q9VPX3
Q24568	Q9XYA7
Q24568	Q7KSD3
Q24568	A1ZAJ8
Q24568	Q9XYU0
Q24568	Q9VAG2
Q24568	Q9VRM7
Q24568	Q9W2N0
Q24568	P28750
Q24568	Q86LG9
Q24568	Q9W2P0
Q24568	A1Z7J0
Q24568	Q9VI17
Q24568	Q9VXA3
Q24568	Q8MS59
Q24568	Q9W4H1
Q24568	Q8I0P1
Q24568	Q9VFE4
Q24568	P13677
Q24568	Q8IN10
Q24568	Q9VEP3
Q24568	Q9VG60
Q24568	Q9XZ22
Q24568	Q8IPV3
Q24568	Q9U6R9
Q24568	Q9W4A9
Q24568	Q7KTW9
Q24568	P22813
Q24568	Q95TY8
Q24568	Q9V9N5
Q24568	Q9VXD6
Q24568	Q9W0E8
Q24568	Q9VPH4
Q24568	Q24113
Q24568	M9PIS3
Q24568	Q86BR6
Q24568	Q86NV3
Q24568	Q9W106
Q24568	Q9VJ03
Q24568	Q9W4F6
Q24568	Q9W4E4
Q24568	Q9VXL9
Q24568	Q9W1L7
Q24568	P54398
Q24568	A1Z7D2
Q24568	Q9V4B2
Q24568	Q9W3J6
Q24568	Q9VC66
Q24568	Q9I7L9
Q24568	Q9VHD0
Q24568	Q9VEZ5
Q24568	Q9VPL3
Q24568	A1ZAL4
Q24568	Q9VSZ4
Q24568	P18167
Q24568	Q9VK89
Q24568	Q9VAQ1
Q24568	Q9W457
Q24568	Q9VVK7
Q24568	Q8IR50
Q24568	Q9VL71
Q24568	Q9VH96
Q24568	Q9VH71
Q24568	Q9W3R8
Q24568	Q9VSM7
Q24568	O61602
Q24568	Q9VTV9
Q24568	Q9VYY4
Q24568	Q9VE08
Q24568	Q7JUN3
Q24568	Q59DP4
Q24568	Q9VAQ5
Q24568	Q9VU84
Q24568	Q9VQS0
Q24568	Q95U58
Q24568	Q8SX24
Q24568	P54367
Q24568	Q9V3Z3
Q24568	P54351
Q24568	Q9VY10
Q24568	Q9VMN5
Q24568	Q86BH1
Q24568	Q8T3J1
Q24568	Q9VI07
Q24568	Q7JXU4
Q24568	Q95SK9
Q24568	Q9VE80
Q24568	Q9VCJ3
Q24568	A1Z8Q9
Q24568	A1Z773
Q24568	Q8IPJ5
Q24568	Q9VWV5
Q24568	Q9W289
Q24568	Q9W2W2
Q24568	A1ZAC7
Q24568	Q26307
Q24568	Q9VU88
Q24568	Q9VPH9
Q24568	Q9VU91
Q24568	Q03042
Q24568	Q9VQR0
Q24568	Q9VWN1
Q24568	Q1EC46
Q24568	Q9VE86
Q24568	Q9VGH5
Q24568	Q9W1J9
Q24568	O76462
Q24568	Q9VSS2
Q24568	Q9VFJ2
Q24568	Q7KUG5
Q24568	P22769
Q24568	Q9VQP5
Q24568	Q9VZX9
Q24568	Q9VCE0
Q24568	Q23976
Q24568	Q23983
Q24568	Q7JVY0
Q24568	Q9XZ25
Q24568	Q9V3K3
Q24568	P51406
Q24568	Q9V9V7
Q24568	Q9VE00
Q24568	Q9VGY2
Q24568	Q9VRB3
Q24568	Q9VQE5
Q24568	Q9VYT8
Q24568	Q7JUX9
Q24568	Q9V3D6
Q24568	Q9VNT3
Q24568	Q7K3W4
Q24568	Q9V9P7
Q8IPU8	Q9Y171
Q8IPU8	Q9VQS4
Q8IPU8	Q9I7S8
Q8IPU8	Q9VG26
Q8IPU8	O46054
Q8IPU8	Q95083
Q8IPU8	Q9V3U6
Q8IPU8	Q7K3J0
Q8IPU8	P14785
Q8IPU8	P48149
Q8IPU8	Q9I7T6
Q8IPU8	Q9W392
Q8IPU8	Q9N6D7
Q8IPU8	P21187
Q8IPU8	Q7KSI9
Q8IPU8	Q9VQQ3
Q8IPU8	Q9VEB1
Q8IPU8	P48601
Q8IPU8	Q7K4L8
Q8IPU8	Q8SXM8
Q8IPU8	Q8SXG7
Q8IPU8	Q9W1G7
Q8IPU8	Q7KTW9
Q8IPU8	Q9VCE2
Q8IPU8	Q9W414
Q8IPU8	Q95R34
Q8IPU8	Q9VNH7
Q8IPU8	Q9VYF8
Q8IPU8	Q9W401
Q8IPU8	Q3YMU0
Q8IPU8	Q9W250
Q8IPU8	A1Z6F0
Q8IPU8	Q9VA54
Q8IPU8	Q9VLB7
Q8IPU8	Q9VIE8
Q8IPU8	Q9VFE8
Q8IPU8	Q7KMP8
Q8IPU8	P15372
Q8IPU8	Q9VFV9
Q8IPU8	Q8SYD0
Q8IPU8	P28750
Q8IPU8	Q9VHR7
Q8IPU8	Q9VK69
Q8IPU8	Q9V405
Q8IPU8	O97102
Q8IPU8	Q9W1B9
Q8IPU8	P19109
Q8IPU8	Q9VQ83
Q8IPU8	Q9VCD3
Q8IPU8	Q9VD51
Q8IPU8	Q9V9X4
Q8IPU8	Q960D4
Q8IPU8	Q9VHJ8
Q8IPU8	Q9VJ34
Q8IPU8	Q9V3V6
Q8IPU8	P17917
Q8IPU8	Q9V597
Q9VH81	Q9VMH3
Q9VH81	Q95TY8
Q9VH81	A1ZBJ8
Q9VH81	Q9XZ68
Q9VH81	A8MZR4
Q9VH81	P27091
Q9VH81	Q9W4A9
Q9VH81	Q9VPX3
Q9VH81	A1Z7S3
Q9VH81	Q9VFJ2
Q9VH81	Q9W3Y7
Q9VH81	Q7JUX9
Q9VH81	Q9VG26
Q9VH81	Q9VH64
Q9VH81	Q9VY98
Q9VH81	Q9VMV9
Q9VH81	Q9VJJ1
Q9VH81	Q9VIT0
Q9VH81	Q9VF72
Q9VH81	Q9VN93
Q9VH81	Q9VJ81
Q9VH81	Q9W249
Q9VH81	P32748
Q9VH81	Q9VTX2
Q9VH81	Q9VFE7
Q9VH81	Q9VKR4
Q9VH81	P50536
Q9VH81	O76454
Q9VH81	Q9W1C8
Q9VH81	Q3YMU0
Q9VH81	Q9W4S7
Q9VH81	Q9VYV4
Q9VH81	Q9VRC8
Q9VH81	Q9VBX6
Q9VH81	Q9VQF5
Q9VH81	Q9VRD9
Q9VH81	Q7KML2
Q9VH81	Q8MLR6
Q9VH81	Q9VMC7
Q9VH81	Q9VUX9
Q9VH81	Q9V434
Q9VH81	Q04047
Q9VH81	Q8IRH5
Q9VH81	Q9VFP9
Q9VH81	P82712
Q9VH81	Q9W1U2
Q9VH81	Q8MT06
Q9VH81	Q9VYG2
Q9VH81	Q9VDS6
Q9VH81	Q8SYR3
Q9VH81	Q0E8H9
Q9VH81	Q9VXJ8
Q9VH81	A1ZBX0
Q9VH81	A1ZAL4
Q9VH81	Q9VAR6
Q9VH81	Q9W1N5
Q9VH81	Q8IMB9
Q9VH81	Q9VPN5
Q9VH81	Q9VGZ0
Q9VH81	Q9VWN1
Q9VH81	Q9V419
Q9VH81	A1Z8V7
Q9VH81	A1Z898
Q9VH81	Q9VFV0
Q9VH81	Q9V3F2
Q9VH81	Q7KUG5
Q9VH81	Q961H1
Q9VH81	Q9VCP0
Q9VH81	Q9VS67
Q9VH81	P91929
Q9VH81	Q95RI8
Q9VH81	P11996
Q9VH81	Q9VAQ5
Q9VH81	Q9U1L6
Q9VH81	Q9VFC1
Q9VH81	Q9VTV7
Q9VH81	Q9W2G9
Q9VH81	O97143
Q9VH81	Q9VDI8
Q9VH81	Q9VHR7
Q9VH81	Q9VC70
Q9VH81	A1Z8Q7
Q9VH81	Q9VMI4
Q9VH81	Q8T421
Q9VH81	Q9VLP4
Q9VH81	Q9VI16
Q9VH81	Q9V411
Q9VH81	Q9W2H2
Q9VH81	Q7KTT0
Q9VH81	Q9VS19
Q9VH81	Q9VHF0
Q9VH81	Q8SWR2
Q9VH81	Q9VWY8
Q9VH81	Q7JX41
Q9VH81	Q9W4Z5
Q9VH81	Q26307
Q9VH81	Q9VPR2
Q9VH81	Q9W1G0
Q9VH81	Q9VES5
Q9VH81	P42287
Q9VH81	Q9V9Z9
Q9VH81	P54398
Q9VH81	A1Z9G7
Q9VH81	Q8IA43
Q9VH81	Q9VEJ1
Q9VH81	Q9VP44
Q9VH81	Q9VI52
Q9VH81	A1Z791
Q9VH81	Q9VHL9
Q9VH81	A1Z6R7
Q9VH81	Q9VVP2
Q9VH81	Q9VL71
Q9VH81	Q9VU26
Q9VH81	Q24278
Q9VH81	Q9VDV6
Q9VH81	Q9VJN8
Q9VH81	Q9VIE7
Q9VH81	Q9VS57
Q9VH81	Q9VV40
Q9VH81	Q9VA88
Q9VH81	Q9VG59
Q9VH81	Q7KTG0
Q9VH81	Q7KND8
Q9VH81	Q9VBI3
Q9VH81	Q9V3V0
Q9VH81	Q8IMP2
Q9VH81	Q9VFR0
Q9VH81	Q9VDK7
Q9VH81	Q9VWV5
Q9VH81	Q0KI98
Q9VH81	Q94918
Q9VH81	Q9W0N1
Q9VH81	Q2PE14
Q9VH81	Q9VIN6
Q9VH81	A1Z9E4
Q9VH81	Q9VPT3
Q9VH81	Q9VX05
Q9VH81	Q9VC81
Q9VH81	Q9VSK9
Q9VH81	Q4V5I6
Q9VH81	Q9W325
Q9VH81	Q9VUX3
Q9VH81	Q9VAJ2
Q9VH81	Q9VD23
Q9VH81	Q9W158
Q9VH81	P33269
Q9VUG1	Q9V3D2
Q9VUG1	P35554
Q9VUG1	Q9VLI6
Q9VUG1	Q9VBT1
Q9VUG1	A1ZB68
Q9VUG1	Q1ECA0
Q9VUG1	Q95TK5
M9NEA1	Q9VJ19
M9NEA1	Q9VU88
M9NEA1	Q9VX24
M9NEA1	Q9VS34
M9NEA1	P39018
M9NEA1	Q9W2H2
M9NEA1	P17704
M9NEA1	Q8IMP1
M9NEA1	Q9W5C1
M9NEA1	P13008
M9NEA1	Q8IHC6
M9NEA1	Q7KUW4
M9NEA1	Q9VFP0
M9NEA1	Q07327
M9NEA1	Q9VNX6
M9PFN0	Q3YMU0
M9PFN0	Q9W334
M9PFN0	Q9VSA3
M9PFN0	Q9VXX8
M9PFN0	Q9VS34
M9PFN0	Q9XZJ4
M9PFN0	P22769
M9PFN0	Q9I7T1
A0A0B4KGY6	Q8INC0
A0A0B4KGY6	Q9W083
A0A0B4KGY6	Q9V558
A0A0B4KGY6	Q9W0C5
A0A0B4KGY6	Q9VNM8
A0A0B4KGY6	Q7KS23
A0A0B4KGY6	Q9VEH1
A0A0B4KGY6	Q0KHV6
A0A0B4KGY6	Q95TJ1
A0A0B4KGY6	Q9VQ22
A0A0B4KGY6	Q9VAF2
A0A0B4KGY6	Q9W171
A0A0B4KGY6	O18408
A0A0B4KGY6	A1ZBW1
A0A0B4KGY6	Q9VFC1
M9PE01	A1ZAH8
M9PE01	Q9VUY2
M9PE01	Q9VEX6
M9PE01	Q9VIK0
M9PE01	Q9VJ19
M9PE01	Q9VY33
M9PE01	P54622
M9PE01	Q9Y114
M9PE01	A8Y560
M9PE01	Q9VQX9
M9PE01	Q9VYF2
M9PE01	P50534
M9PE01	Q9VXN3
M9PE01	Q9VJX6
M9PE01	Q9W299
M9PE01	P50882
M9PE01	O46054
M9PE01	Q9VM87
M9PE01	Q9V3P0
M9PE01	P45594
M9PE01	Q9VDP7
M9PE01	Q9VW56
M9PE01	Q9VYI2
M9PE01	O96827
M9PE01	Q9VQS4
M9PE01	Q9W2M4
M9PE01	Q8INK2
M9PE01	Q9V436
M9PE01	Q8SXF0
M9PE01	Q7JXA8
M9PE01	Q8T421
M9PE01	Q8T8R1
M9PE01	Q9V3E7
M9PE01	P07486
M9PE01	Q9VP25
M9PE01	P61851
M9PE01	Q7JY07
Q9VPR7	Q9VYF8
Q9VPR7	Q5U124
Q9VPR7	Q9VBX7
Q9VPR7	Q9W045
Q9VPR7	Q9VAL7
Q9VPR7	Q9VXF9
Q9VPR7	Q6NLM8
Q9VPR7	Q9W0D9
Q9VPR7	Q9W3E0
Q9VPR7	Q9VV09
Q9VPR7	Q9VFG4
Q9VPR7	Q9W403
Q9VPR7	Q9W3W5
Q9VPR7	Q9VW76
Q9VPR7	Q9I7S8
Q9VPR7	Q7K2X5
Q9VPR7	Q9VPJ1
Q9VPR7	Q9VZJ3
Q9VPR7	Q95TJ1
Q9VPR7	Q9VER8
P62152	Q9VM69
P62152	Q24492
P62152	Q9V3W7
P62152	Q8IN47
P62152	Q7JRH5
P62152	Q9VCK0
P62152	Q9VLJ6
P62152	P21187
P62152	Q8SYM9
P62152	Q9VAV2
P62152	Q9VXH6
P62152	Q9VQ86
P62152	Q9VL76
P62152	Q7JRH2
P62152	P07666
P62152	Q9W2M4
P62152	P26802
P62152	Q9W466
P62152	Q9VPK4
Q9VMV9	Q9W2H2
Q9VMV9	Q7K3V6
Q9VMV9	Q9VGS2
Q9VMV9	P45594
Q9VMV9	Q9W303
Q9VMV9	Q9VDC1
Q9VMV9	P00334
Q9VMV9	Q9VCE2
Q9VMV9	Q9VL01
Q9VMV9	Q9V3E3
Q9VMV9	Q9W1N6
Q9VMV9	Q9VQ27
Q9VMV9	Q0E9D9
Q9VMV9	Q9V3P0
Q9VMV9	A1Z6W6
Q9VMV9	P46867
Q9VMV9	Q9W511
Q9VMV9	Q9VEB1
Q9VMV9	Q9VTZ0
Q9VMV9	Q7K4B2
Q9VMV9	O62619
Q9VMV9	P12982
Q9VMV9	Q9VGW9
Q9VMV9	Q9VXE0
Q9VMV9	A1Z9G1
Q9VMV9	Q9VB53
Q9VMV9	Q9VFC1
Q8IRE7	Q9W266
Q8IRE7	Q9VRJ7
Q8IRE7	Q9VS57
Q8IRE7	A4V1Q1
Q8IRE7	Q9VXN3
Q8IRE7	Q9VE24
Q8IRE7	F3YDF1
Q8IRE7	Q8IMN4
Q8IRE7	Q9VSU3
Q8IRE7	Q1ECA0
Q8IRE7	Q0E9D9
Q8IRE7	Q9W1V3
Q8IRE7	Q9VZH1
Q8IRE7	Q9BIS2
Q8IRE7	Q9V3P0
Q8IRE7	Q24311
Q8IRE7	Q7K3M5
Q8IRE7	Q8INT0
Q8IRE7	Q9VL47
Q8IRE7	Q9VHC0
Q8IRE7	Q8MKN0
Q8IRE7	Q9VD74
Q8IRE7	Q9VEX6
Q8IRE7	B6VQ99
Q8IRE7	Q7JUP3
Q8IRE7	Q7KTW5
Q8IRE7	Q9VX25
Q9VXF9	A1Z7N0
Q9VXF9	Q7K173
Q9VXF9	Q8MSK0
Q9VXF9	P23696
Q9VXF9	P17336
Q9VXF9	Q9VNI3
Q9VXF9	Q9W1G0
Q9VXF9	Q8T490
Q9VXF9	Q9W2V9
Q9VXF9	Q9VW13
Q9VXF9	Q9W0M2
Q9VXF9	A1Z7S7
Q9VXF9	Q9VQQ3
Q9VXF9	Q9W4R7
Q9VXF9	Q3YMU0
Q9VXF9	Q9VHS8
Q9VXF9	Q9VAF4
Q9VXF9	Q8IN10
Q9VXF9	Q7JUN3
Q9VXF9	Q9VVT5
Q9VXF9	O18373
Q9VXF9	Q8IRI8
Q9VXF9	Q9VMN5
Q9VXF9	Q9W0P3
Q9VXF9	Q7K860
Q9VEW2	P02255
Q9VEW2	Q9VRL0
Q9VEW2	Q9U599
Q9VEW2	Q9VE85
Q9VEW2	Q8IR74
Q9VEW2	P07764
Q9VEW2	P91623
Q9VEW2	Q9VG93
Q9VEW2	O18373
Q9VEW2	Q9VL59
Q24114	Q4V5I9
Q24114	Q9VNI3
Q24114	Q9VDZ2
Q24114	Q8T085
Q24114	Q9VXP3
Q24114	Q95U06
Q24114	A1Z7N0
Q24114	Q9VLZ2
Q24114	Q9VM58
Q24114	Q9W3P2
Q24114	Q9XZJ4
Q24114	P49906
Q24114	Q9VCB9
Q24114	Q9VVP2
Q24114	Q8MLV8
Q24114	Q9VYI4
Q24114	Q9VL59
Q24114	Q9VU80
Q24114	P00334
Q24114	Q9Y118
Q24114	Q9U1H9
Q24114	Q9W174
Q24114	Q9VXF9
O46339	P40427
O46339	P35554
O46339	Q9V3E7
Q8T0U6	Q94883
Q8T0U6	P12982
Q8T0U6	Q9VCE2
Q8T0U6	Q9VBD6
Q8IQ70	P48603
Q8IQ70	Q9W3G0
Q8IQ70	A8DYC4
Q8IQ70	Q9W2N0
Q8IQ70	Q27294
Q7K3W4	Q7K1L4
Q7K3W4	Q9W2S2
Q7K3W4	Q7KA66
Q7K3W4	Q9W028
Q7K3W4	Q9VDH1
Q7K3W4	Q9VCE2
Q7K3W4	A1Z6Q3
Q7K3W4	Q9VDT9
Q7K3W4	Q9W511
Q7K3W4	Q9VQ83
Q7K3W4	Q9VSB3
Q7K3W4	Q9VBD7
Q9W258	Q9VTA8
Q9W258	Q9VME2
Q9W258	Q9VVU7
Q9W258	Q7JXA2
Q9W258	Q9V397
Q9W258	P84040
Q9W258	P48159
Q9W258	Q9V3K3
Q9W258	Q8IQR3
Q9W258	Q9W144
Q9W258	Q7KTW9
Q9W258	Q9W2C9
Q9W258	Q8IPX7
Q9W258	P40304
Q9W258	P58956
Q9W258	Q8MT08
Q9W258	Q9V9V9
Q9W258	Q9VJ19
Q9W258	Q8IRE9
Q9W258	Q9V771
Q9W258	Q7KVF6
Q9W258	Q7JZU2
Q9W258	Q9VQ27
Q9W258	Q9VG60
Q9W258	A4V1Q1
Q9W258	Q9VS57
Q9W258	Q9VZY7
Q9W258	Q27272
Q9W258	Q8I0N3
Q9W258	Q9VGZ2
Q9W258	P13008
Q9W258	Q9V393
Q9W258	Q9VZH1
Q9W258	Q9VUU4
Q9W258	Q9VDH4
Q9W258	A1Z7J0
Q9W258	Q9VYV3
Q9W258	Q9VTV7
Q9W258	Q9VGD0
Q9W258	Q7KTJ2
Q9W258	Q95TJ9
Q9W258	Q9VVK7
Q9W258	Q7KMJ6
Q9W258	A1Z8Z9
Q9W258	Q9VFC6
Q9W258	Q9VB53
Q9W258	Q8T5S8
Q9W258	Q9VGQ1
Q9W258	Q9VY33
Q9W258	Q9VCC8
Q9W258	A1Z847
Q9W258	Q9W102
Q9W258	Q9NFU0
Q9W258	Q9VJX6
Q9W258	P83100
Q9W258	O62531
Q9W258	Q7JZ37
Q9W258	Q9VTU4
Q9W258	Q8IQQ4
Q9W258	P24156
Q9W258	Q9VBD6
Q9W258	Q23976
Q9W258	Q9W3P2
Q9W258	Q7KVQ0
O61492	Q9V3D5
O61492	A8JUN7
O61492	Q95TK5
O61492	Q8IRI8
O61492	Q9VAK0
O61492	P58956
O61492	Q95TJ1
O61492	Q9VQS0
O61492	Q9VYC7
Q24048	Q9W335
Q24048	P29327
Q24048	Q27294
Q24048	P02255
Q24048	Q9VG93
Q24048	Q08473
Q24048	Q27580
Q24048	Q9VL59
Q24048	Q8IRI8
Q24048	Q9VVU2
Q8IPM8	P48810
Q8IPM8	Q9VGZ2
Q8IPM8	Q9VLI6
Q8IPM8	Q9VK63
Q8IPM8	Q9VG26
Q8IPM8	Q9W1M9
Q8IPM8	P48603
Q8IPM8	A8Y560
Q8IPM8	Q9W418
Q24323	Q9V3T8
Q24323	Q9VWV6
Q24323	Q9VL59
Q24323	P26270
Q24323	Q9V438
Q24323	Q9W1G7
Q24323	Q9V3J4
Q24323	Q9VVU2
Q24323	Q9W457
Q9I7H9	Q9W464
Q9I7H9	Q9VGD8
Q9I7H9	Q9V719
Q9I7H9	Q27294
Q9I7H9	Q59DY1
Q9I7H9	Q9W191
Q9I7H9	Q9VFE7
Q24323	Q9V4E0
Q24323	Q9V3D5
Q24323	Q7K4C7
Q24323	P58959
Q24323	Q9VL59
Q9VUH7	Q9W3D6
Q9VUH7	Q9VES7
Q9VUH7	Q7KTW9
Q9VUH7	Q06003
Q9VUH7	Q7K3P0
Q9VUH7	A4V1Q1
Q9VUH7	Q9VY33
Q9VUH7	Q86BR6
Q9VUH7	Q8IMN4
Q9VUH7	P42003
Q9VUH7	Q8SXQ8
Q9VUH7	P58958
Q9VUH7	Q9VFV9
Q9VUH7	Q9VAG2
Q9VUH7	Q7KTW5
Q9GQR5	Q9VXE0
Q9GQR5	Q9W1M6
P81900	P12370
P81900	Q9VCB9
P81900	Q9VUZ3
P81900	P49906
P81900	P13469
P81900	Q9VQ11
P81900	Q9V397
P81900	Q7K1H9
P36872	P36179
P36872	Q95U06
P36872	Q9I7T6
P36872	Q9VDZ2
P36872	Q9VLZ2
P36872	Q9W1N3
P36872	Q9W028
Q6NP60	A1ZBJ2
Q6NP60	Q9VYC7
Q6NP60	Q27294
Q6NP60	Q7JXC4
Q6NP60	O96827
Q6NP60	Q9V597
Q6NP60	P54622
Q6NP60	P26802
Q6NP60	Q9VQS4
Q6NP60	Q9W1B9
Q6NP60	Q9XZJ4
Q6NP60	Q8IPE8
Q6NP60	P40423
Q9VII1	Q9VCW1
Q9VII1	Q8IPX7
Q9VII1	O96880
Q9VII1	Q0KIB3
Q9VII1	P54611
Q9VII1	A8JUN7
Q9VXY7	Q27294
Q9VXY7	Q9NIV2
Q9VXY7	Q9VPK7
Q9VXY7	Q9W2G9
Q9VXY7	Q8T452
Q9VXY7	Q9VVK7
Q9VXY7	Q9VDH4
Q9VXY7	Q9VGP2
Q9VXY7	Q7K4B4
Q9VXY7	Q9VV40
Q9VXY7	Q9W3N8
Q9VXY7	Q9VUR2
Q9VXY7	Q7KTW9
Q9VXY7	Q9V405
Q9VXY7	Q9VLK1
Q9VXY7	Q9VYC7
Q9VXY7	Q8IMT4
Q9VXY7	Q9VIK0
Q9VXY7	Q9VNM1
Q9VXY7	P16568
Q9VXY7	Q9VNW6
Q9VXY7	Q95SM8
Q9VXY7	Q9VFE7
Q9VXY7	Q8MLR6
Q9VXY7	Q9VH66
Q9VXY7	Q9W3Z4
Q9VXY7	Q9VD23
Q9VXY7	P83740
Q9VXY7	P58957
Q9VXY7	Q9VUK8
Q9VXY7	P81900
Q9VXY7	Q9VXN3
Q9VXY7	P40304
Q9VXY7	Q8INY3
Q9VXY7	Q9V406
Q9VXY7	Q9VEX6
Q9VXY7	Q9VEK7
Q9VXY7	Q9VEF1
Q9VXY7	Q9VUY2
Q9VXY7	Q9VFC7
Q9VXY7	Q8T5S8
Q9VXY7	Q9VFG4
Q9VXY7	Q9W4J4
Q9VXY7	Q7K3Q3
Q9VXY7	Q9V676
Q9VXY7	Q9VXY4
Q9VXY7	O76908
Q9VXY7	Q9VDE3
Q9VXY7	Q7KT67
Q9VXY7	Q9VAK7
Q9VXY7	Q9VVH6
Q9VXY7	Q9VU89
Q9VXY7	Q9W2C9
Q9VXY7	Q9VMJ2
Q9VXY7	Q59DY1
Q9VXY7	Q9VUY9
Q9VXY7	Q8IMN4
Q9VXY7	Q7K012
Q9VXY7	Q9VX46
Q9VXY7	Q8I0F1
Q9VXY7	Q9VFJ1
Q9VXY7	Q8MKW7
Q9VXY7	Q9VLN1
Q9VXY7	Q8IPB8
Q9VXY7	Q9W1H8
Q9VXY7	Q9W1T1
Q9VXY7	Q9W3J6
Q9VXY7	Q9W2W9
Q9VXY7	Q9VEX9
B7Z143	Q1ECA0
B7Z143	Q9VC76
Q9VK18	Q9VMN6
Q9VK18	Q9VJZ8
Q9VK18	Q9W1T1
Q9VK18	Q24008
Q9VK18	Q9VQ45
Q9VK18	Q9Y114
Q9VK18	Q95R48
Q9VK18	Q9W4J6
Q9VK18	A4V1Q1
Q9VK18	Q9VRD9
Q9VK18	Q9VG60
Q9VK18	P09085
Q9VK18	Q7JY07
Q9VK18	Q8IQQ4
Q9VK18	Q9VGD1
Q9VK18	Q9VJY4
Q9VK18	Q9VHC7
Q9VK18	Q9VE19
Q9VK18	Q9VBA0
Q9VK18	Q9VAY7
Q9VK18	Q9VN19
Q9VK18	Q7KT15
Q9VK18	Q9W064
Q9VK18	Q9VXN3
Q9VK18	A1ZA27
Q9VK18	Q9W2S2
Q9VK18	Q8IQK4
Q9VK18	Q7KTT0
Q9VK18	Q95SM8
Q9VK18	Q960N3
Q9VK18	Q9VM51
Q9VK18	Q9VQQ7
Q9VK18	Q9VJ34
Q9VK18	Q9XZL8
Q9VK18	P54350
Q9VK18	Q9VF40
Q9VK18	Q9VE85
Q7KN04	Q9W058
Q7KN04	Q9VR38
Q7KN04	Q7KUP8
Q7KN04	Q9VF40
Q7KN04	Q26307
Q7KN04	Q9VFE8
Q7KN04	Q9W064
Q7KN04	O46231
Q7KN04	Q8IQQ4
Q7KN04	Q9VYI4
Q7KN04	Q9VBA0
Q7KN04	Q9V405
Q7KN04	Q9VNQ6
Q7KN04	Q9VNG4
Q7KN04	Q9VEY4
Q7KN04	Q9V3J4
Q7KN04	Q9VL75
Q7KN04	Q9W123
Q7KN04	Q9VB10
Q7KN04	Q9VJ34
Q7KN04	Q8IR83
Q7KN04	Q9VSS2
Q7KN04	Q6GUT7
Q7KN04	Q9VG91
Q7KN04	Q9VAF9
Q7KN04	Q9W3I9
Q7KN04	Q7JWE2
Q7KN04	Q9Y118
Q7KN04	Q9W170
Q9VLB7	Q9VP62
Q9VLB7	Q9W2N0
Q9VLB7	Q9VM69
Q9VLB7	Q59E08
Q9VLB7	Q9VXI1
Q9VLB7	Q9VYC7
Q9VLB7	P00334
Q9VLB7	Q9V405
Q9VLB7	Q9VBD8
Q9VLB7	P07666
Q9VLB7	Q8IMT4
Q9VLB7	Q9V3J1
Q9VLB7	Q7KS77
Q9VLB7	P07191
Q9VLB7	Q9VQU3
Q9VLB7	P58956
Q9VLB7	Q8IPX7
Q8IMY1	P81900
Q8IMY1	P12370
M9PHX2	Q9VH00
M9PHX2	P05205
M9PHX2	Q9VVU2
M9PHX2	Q8IMT4
M9PHX2	Q9VHJ4
M9PHX2	Q7K4L8
M9PHX2	Q9W2N0
M9PHX2	Q9VCB9
M9PHX2	P49906
M9PHX2	P54622
M9PHX2	Q9VBD8
M9PHX2	Q9VQ13
M9PHX2	Q9VQ11
Q8IPG9	Q7K4X4
Q8IPG9	Q9NFU0
Q8IPG9	Q9VA35
Q8IPG9	Q9VXQ5
Q8IPG9	Q7K4L8
Q8IPG9	Q9VLK2
Q8IPG9	Q9VV90
Q8IPG9	Q9VFL8
Q8IPG9	Q9NEF6
Q9VQI5	Q9VZL1
Q9VQI5	Q8MLQ3
Q9VQI5	Q9VYV3
Q9VQI5	Q8SXM8
Q9VQI5	Q9VVP2
Q9VQI5	Q7K012
Q9VQI5	Q9VTQ9
Q9VQI5	Q8IMK8
Q9VQI5	Q9VBD8
Q9VQI5	Q9VUH4
Q9VQI5	Q23982
Q9V9S0	Q9W1N3
Q9V9S0	Q9VU02
Q9V9S0	Q8T452
Q9V9S0	Q8IPB6
Q9V9S0	P40423
Q9V9S0	Q9W2V9
Q9V9S0	A1Z7N0
Q9V9S0	Q9VS34
Q9V9S0	Q7JVI3
Q9V9S0	Q7JVY0
Q9V9S0	Q9W1H8
Q9V9S0	Q8IPG9
Q9V9S0	Q9V405
Q9V9S0	Q9XZ15
Q9V9S0	Q9VBU9
Q9V9S0	Q9VYJ6
Q9V9S0	Q9VQ83
Q9V9S0	Q9VVS3
Q9V9S0	Q7JW48
Q9V9S0	O15945
Q9V9S0	Q9VE92
Q9V9S0	Q9VTE7
Q9V9S0	P91623
Q9V9S0	Q9VDW7
Q9V9S0	Q9VJ19
Q9V9S0	Q9VU88
Q9V9S0	Q94518
Q9V9S0	Q94522
Q9V9S0	Q9W4R7
Q9V9S0	P08928
Q9V9S0	Q7K0Y1
Q9V9S0	P02255
Q9V9S0	Q9VBD5
Q9V9S0	O77410
Q9V9S0	Q9V3W1
Q9V9S0	A1Z8V7
Q9V9S0	Q9VG91
Q9V9S0	P41092
Q9V9S0	Q9VW64
Q9V9S0	Q9W3P2
Q9V9S0	Q9VW90
Q9V9S0	Q9V3D5
Q9V9S0	Q9VLG9
Q9V9S0	P48592
Q9V9S0	P40304
Q9V9S0	Q9W237
Q9V9S0	Q9VY14
Q9V9S0	Q95TP9
Q9V9S0	Q9VW39
Q9V9S0	Q9VCE2
Q9V9S0	Q9VQ86
Q9V9S0	Q9VWG3
Q9V9S0	Q8SZ13
Q9V9S0	Q9W1F7
Q9V9S0	Q9VCM0
Q9W4Q7	Q27294
Q9W4Q7	Q9VRJ4
Q9VUL1	Q9VQS4
Q9VUL1	Q27294
Q9VUL1	Q9VP62
Q9VUL1	Q9VBE0
Q9VUL1	Q9V397
Q9VUL1	Q8IPX7
Q9VUL1	P48159
Q9VUL1	P19109
Q9VUL1	Q9VBD0
Q9VUL1	Q9VBD6
Q9VUL1	P48810
Q9VUL1	Q8T452
Q9VUL1	Q9V405
Q9VUL1	P36179
P20478	Q9I7W4
Q9VKA1	Q9VJB3
Q9VKA1	O96827
Q9VKA1	Q9W1B9
Q9VKA1	Q9NHA8
Q9VKA1	Q9V3E7
Q9VKA1	Q9V597
Q9VKA1	Q9V3D5
Q05825	P48603
Q05825	Q9W028
Q05825	P84040
Q05825	Q9VBD6
Q05825	Q9VQS4
Q05825	Q9VMM4
Q05825	P48810
Q05825	Q9W418
Q05825	Q9W1V3
Q05825	Q8IPX7
Q05825	Q9W4F6
Q9VD73	P62152
O16011	Q9VQ11
O16011	Q8IPE8
O16011	P07666
O16011	Q9W3P2
O16011	Q7KT36
O16011	Q8T421
O18640	P48605
O18640	Q9V3N2
O18640	Q9VUQ1
O18640	Q9VKA9
O18640	Q9W3N9
O18640	Q9VA00
O18640	Q7JVY0
O18640	Q9VXE0
O18640	Q9V9I4
O18640	Q9W392
O18640	Q8T079
O18640	O96532
O18640	Q7K3J0
O18640	Q8IQ89
Q9VN21	P13469
Q9VN21	P49630
Q9VN21	Q9VVU2
Q9VN21	Q9VHQ7
Q9VN21	Q0KHW3
Q9VN21	P45594
Q9VN21	A1ZAH8
Q9VN21	Q9VMN5
Q9VN21	Q9V597
Q9VN21	O96827
Q95T12	Q27294
Q95T12	Q9VQS4
Q95T12	Q9VBD6
Q95T12	Q9VVV0
Q95T12	P48159
Q95T12	Q8IGP1
Q95T12	Q9VAN7
Q95T12	Q9VG93
Q95T12	A8JUN7
P32866	P29327
P32866	Q9VR65
P32866	Q9VAH4
P32866	P40423
P32866	Q8T079
P32866	P48605
P32866	Q9VR50
P32866	Q24050
P32866	Q9W392
P32866	Q9VA59
P32866	Q9Y128
P32866	Q8SXM8
P32866	A1Z6H6
P32866	P48451
P32866	Q7K012
P32866	Q9VK69
P06742	Q9VMN6
P06742	Q9W029
P06742	Q9VCB9
P06742	P49906
P06742	A1Z8J0
Q24562	Q8IPY0
Q24562	Q9VQ61
Q24562	Q9W1B9
Q24562	Q8IPE8
Q24562	Q94535
Q24562	O96827
Q24562	P48159
Q24562	Q27294
Q24562	P24156
Q24562	Q9VPX3
Q24562	Q9V597
Q24562	Q9VEB1
Q24562	P58957
Q24562	Q8IN35
Q24562	P39018
Q9W255	Q9W2N0
Q9W255	Q9VBA5
Q9W255	Q9VVP2
Q9W255	A1ZAK4
Q9W255	P07486
Q9W255	Q8T079
Q9W255	Q9VVU2
Q9W255	Q9VW26
Q9W255	Q9V406
Q9W255	Q7JZZ3
Q9W255	Q7K012
Q9W255	Q9VDV7
Q9W255	A8Y560
Q9W255	Q9VYV3
Q9W255	Q59DX6
Q9W255	Q9V447
Q9W255	Q9W1F7
Q9W255	Q9V393
Q9W255	Q9VWK8
Q9W255	Q9VG93
Q9W255	P40423
Q9W255	Q9W0Z5
Q9VJ38	Q9VYV3
Q9VJ38	Q9W227
Q9VJ38	Q9W327
Q9VJ38	P02255
Q9VJ38	Q9VCB9
Q9VJ38	Q9V3D2
Q9VJ38	Q9VPQ2
Q9VJ38	B6VQ99
Q9VJ38	Q9XZS8
Q9VJ38	Q9VBD9
Q9VJ38	Q8MLQ3
Q9VJ38	P40423
Q9VJ38	P49906
Q9VJ38	A8JUN7
Q7JQF6	Q4ABJ3
Q7JQF6	Q4V5I6
Q7JQF6	Q9VBX3
Q7JQF6	Q9VX17
Q7JQF6	P42124
Q7JQF6	Q8IMN4
Q24567	Q9VEB1
Q24567	Q7JRQ2
Q24567	Q9VM18
Q24567	Q9VHS8
Q24567	P14318
Q24567	Q8I062
Q24567	Q02748
Q24567	P04359
Q24567	Q9VUN3
Q24567	Q9VC05
Q24567	Q95RA9
Q24567	Q9VY28
Q24567	Q9W1D9
Q24567	Q9W5R8
Q24567	Q9VS38
Q24567	Q9VRL0
Q24567	Q9VUZ0
Q24567	P13469
Q24567	Q94518
Q9VAC1	Q9VEB1
Q9VAC1	Q9V475
Q9VAC1	Q9VZX9
Q9VAC1	Q9W2N0
Q9VAC1	Q7KS77
Q9VAC1	Q94518
Q9VAC1	P48603
Q9VAC1	O96827
Q9VAC1	P48605
Q9VAC1	P24156
Q9VAC1	Q3YMU0
Q9VAC1	P50882
Q9VAC1	Q9I7S8
Q9VAC1	P58956
Q9VAC1	Q9VH64
Q9VAC1	Q9VMN5
Q9VAC1	Q9VPL4
Q9VAC1	Q95R34
Q9VAC1	A8Y560
Q9VAC1	P00334
Q9VAC1	Q9VPN5
Q9VAC1	Q95TP9
Q9VAC1	Q8MLW7
Q9VAC1	Q9W3K5
Q9VAC1	Q9VHN7
Q9VAC1	P18053
Q9VAC1	P41073
Q9VAC1	Q9VFQ9
Q9VAC1	Q8IPE8
Q9VAC1	Q95083
Q9VAC1	P07486
O44437	Q9W424
O44437	Q9V3D5
O44437	Q9XZJ4
O44437	Q9VEP9
O44437	Q24297
O44437	Q9VXE0
O44437	Q9VU02
O44437	Q9VRT9
O44437	O46106
O44437	Q9V4Q8
O44437	P17133
O44437	Q05856
O44437	Q9VUM1
O44437	P43332
O44437	Q9W1B9
O44437	Q8IQN1
O44437	Q0KHV6
O44437	Q9VI10
O44437	Q9VP25
O44437	Q9VLV5
O44437	Q9VPL0
Q9VMV9	Q3YMU0
Q9VMV9	Q02748
Q9VMV9	P50882
Q9VMV9	Q8MS56
Q9VMV9	Q9VY28
Q9VMV9	Q9VHS8
Q9VMV9	P41073
Q9VMV9	Q9I7S8
Q9VMV9	P08928
Q9VMV9	P24156
Q9VMV9	P18053
Q9VMV9	Q9W335
P07764	Q9VI52
P07764	Q9V9M6
P07764	Q9VSA3
P07764	A8JQT2
P07764	P84040
P07764	Q9BIS2
P07764	Q9VK69
P07764	Q9VIE8
P07764	Q9VHS8
P07764	Q9VTH8
P07764	Q9VYZ3
P07764	E1JH55
P07764	Q8IPE8
P07764	Q7KTW9
P07764	P48605
P07764	Q02748
P07764	E1JJ74
P07764	Q9U599
P07764	P54385
P07764	Q9VTQ9
P07764	Q9VUY9
P07764	Q1ECA0
P07764	Q8I937
P07764	Q9VY28
P07764	Q9VTU4
P07764	Q9V3V6
P07764	Q86BB0
P07764	Q9V3Z4
P07764	Q9W414
P07764	Q8SXM8
P07764	Q9VPK3
P07764	Q9VPU0
P07764	Q7KY01
P07764	Q7KMP8
Q7K148	P49630
Q7K148	P39018
Q7K148	P18053
Q7K148	Q9XZJ4
Q7K148	P12881
Q7K148	Q9V3P3
Q7K148	Q9VMN5
Q7K148	Q9XYN7
Q7K148	Q9BIS2
Q7K148	A1Z9G1
Q7K148	P22769
P45594	Q9VY28
P45594	Q9VPU0
P45594	Q9W4X5
P45594	Q9VJP4
P45594	Q9VEP4
P49455	Q9VLP7
P49455	Q9VVK7
P49455	Q9VFE4
P49455	Q9VA56
P49455	Q7KTW9
P49455	Q9VH64
P49455	Q4AB57
P49455	Q8IQJ5
Q9VH02	P40796
Q9VH02	Q9VGZ2
Q9VH02	Q9VBT1
Q9VH02	Q7JX95
Q9VH02	Q9VL91
Q9VH02	Q8IQZ1
Q9VH02	Q9VMZ3
Q9W3F6	Q7K155
Q2PDT4	Q9W2N0
Q2PDT4	Q08473
Q2PDT4	P48603
Q2PDT4	Q9VXF6
A1Z6S7	P58958
A1Z6S7	Q9VKZ8
A1Z6S7	Q7JVY0
A1Z6S7	Q9W0F7
A1Z6S7	Q7K012
A1Z6S7	Q9VBE1
A1Z6S7	P05205
Q7KVQ0	O44081
Q7KVQ0	Q08473
Q7KVQ0	Q9V3U2
Q7KVQ0	Q9VXX8
Q7KVQ0	Q9V5P6
Q7KVQ0	Q9VJ62
Q7KVQ0	Q9W1V3
Q7KVQ0	P84040
Q7KVQ0	Q9VFE4
Q9W4N8	P19109
Q9W4N8	O96827
Q9W4N8	P49630
Q9W4N8	P41073
Q9W4N8	Q9W227
Q9W4N8	Q9V397
Q9VPX2	Q9VIX7
Q9VPX2	Q9W1B9
Q9VPX2	Q9W1V3
Q9VPX2	Q9W5R8
Q9VPX2	P13469
Q9VPX2	Q9VFE4
Q9VPX2	Q9VVU2
Q9VPX2	Q94518
Q9VPX2	P02255
Q9VPX2	P04359
Q9VPX2	P55828
Q9VPX2	Q9VWR1
Q9VPX2	O17445
Q9VPX2	Q9VXX8
Q9VPX2	P84040
Q9VPX2	P08928
Q9VPX2	Q9W2V9
Q9VEB1	Q0E9D9
Q9Y091	Q9W335
Q9Y091	Q8SXX4
Q9Y091	P48605
Q9Y091	Q9VQE8
Q9Y091	Q9VY44
Q9Y091	Q7K1H9
Q9Y091	Q9VU02
Q9Y091	Q7KMP8
Q9Y091	Q7JWE2
Q9Y091	Q9VVB4
Q7KRU8	Q9V597
Q7KRU8	Q9VAK0
Q7KRU8	P48603
Q7KRU8	Q27294
Q7KRU8	Q9VPL4
Q7KRU8	Q9VA83
Q7KRU8	Q9VPX3
Q7KRU8	Q7K2S9
Q8WR53	Q9XZJ4
Q8WR53	Q9VXP4
Q8WR53	Q9VTS7
Q8WR53	P84040
Q9VMT1	Q9VHS8
Q9VMT1	Q02748
Q9VMT1	Q7KTW9
Q9VMT1	Q9VZ73
Q9VMT1	Q9V434
Q9VMT1	Q9I7W4
Q9VMT1	Q9VYC7
Q9VMT1	Q9VYF8
Q9VMT1	P08928
Q9VMT1	Q9W029
Q9VMT1	Q86B79
Q9VEA1	Q95TK5
Q9VEA1	Q9V597
Q9VEA1	P04359
Q9VEA1	Q08473
Q9VEA1	Q9VTZ0
Q9VEA1	A1ZB68
Q9VEA1	Q9V3D2
Q9VEA1	P16163
Q9VEA1	Q9VHE5
Q9VEA1	P49630
Q9VEA1	Q9W1B9
Q9VEA1	Q9VBH8
Q9VEA1	Q9VBU9
A1ZAK3	Q9V597
A1ZAK3	Q9VDK7
A1ZAK3	P58956
A1ZAK3	Q59DX6
P49415	Q8SX50
P49415	P84040
P49415	Q8IPA1
P49415	Q9V3Q4
P49415	Q9W3I9
P49415	P45594
P49415	Q9W4M9
P49415	Q9W270
Q95UI6	Q9VHE5
Q95UI6	E1JJ45
Q95UI6	Q9VBH8
Q95UI6	Q9V3D2
Q95UI6	Q1ECA0
Q95UI6	A8Y560
Q95UI6	P04359
Q95UI6	A1Z847
Q8IHH3	Q9W2N0
Q8IHH3	Q9VBT1
Q8IHH3	P32392
Q8IHH3	P40796
Q8IHH3	Q9VL91
Q8IHH3	Q9W3C3
Q8IHH3	Q8MST5
Q8IHH3	Q1ECA0
Q8IHH3	Q8IPX7
Q8IHH3	O46102
Q24372	Q9VND0
Q24372	Q8T4A3
Q24372	Q7JQU5
Q24372	Q9VND0
Q24372	Q7K0W1
Q24372	Q9VRN3
Q24372	Q9VDV2
Q24372	Q9VE24
Q24372	O16043
Q24372	P48605
Q24372	Q8IPE8
Q24372	A1Z847
Q24372	Q86B87
Q24372	Q7K0S5
Q24372	Q7JQU5
P54399	Q961E7
P54399	Q95TZ4
P54399	Q9VTH8
P54399	Q9VR95
Q8IQF8	Q9VST4
Q8IQF8	P41073
P18491	Q1ECA0
P18491	Q9VL91
P18491	Q7K155
P18491	P40796
Q9VB13	P48603
Q9VB13	Q8IQZ1
Q9VB13	Q9VX03
Q9VB13	Q86B44
Q9VHP0	P19109
Q9VHP0	Q7K4L8
Q9VHP0	P84040
Q9VHP0	Q8SX89
Q9VHP0	P09052
Q9VHP0	Q9BIS2
Q9VHP0	Q9VKE2
Q9VHP0	Q9W2G9
Q9VHP0	Q9NFU0
Q9VHP0	B3LF78
Q9VHP0	P41073
Q9VHP0	Q7KU78
Q9V406	Q01603
Q9VG31	Q9VY28
Q9VG31	Q9W123
Q9VG31	Q9BIS2
Q9VG31	Q8IMB9
Q9VG31	A8JNM0
Q9VG31	Q9NEF6
A8JRH3	Q1ECA0
A8JRH3	Q8IQA1
A8JRH3	P17133
Q9VY28	Q9NFP5
Q9VMM7	P39018
Q9VMM7	Q9VGQ1
Q9VMM7	P16163
Q9VMM7	P55828
Q9VMM7	Q9VQS4
Q9VMM7	P45594
Q9VMM7	Q9V3Z4
Q9VMM7	Q7JX82
Q9VMM7	Q8IPX7
Q9VMM7	Q9VM95
Q9VMM7	Q9VBS9
Q7KLE5	Q9BIS2
Q7KLE5	Q9VTZ0
P17336	Q9VQS4
P17336	P16163
P17336	Q9VY28
P17336	Q9VTZ0
P17336	Q9VQP5
P17336	Q9VHN7
Q8MSV2	P55828
Q8MSV2	Q9W1V3
Q8MSV2	Q9VQL1
Q8MSV2	P07486
Q8MSV2	Q9VQS4
Q8MSV2	Q8IPX7
Q8MSV2	A1ZB68
Q8MSV2	Q7JZW2
Q8MSV2	A1Z7K2
Q8MSV2	Q9VVU2
Q8MSV2	Q9VXX8
Q8MSV2	P48588
Q8MSV2	Q8IQA7
O46339	Q9VBT1
O46339	Q9VES7
O46339	Q9VTX5
O46339	Q9VY28
O46339	P40427
O46339	Q2MGN0
X2JCC3	Q9VHS8
X2JCC3	Q02748
X2JCC3	Q9VFJ0
X2JCC3	P04359
X2JCC3	Q9VDF9
X2JCC3	Q9VB64
X2JCC3	Q8IPX7
X2JCC3	Q9W1B9
X2JCC3	P55828
X2JCC3	P00334
X2JCC3	Q9VQS4
X2JCC3	A1ZB68
X2JCC3	P45594
X2JCC3	P39018
X2JCC3	Q7K112
X2JCC3	O96827
X2JCC3	Q9W5R8
O46339	Q9VMM4
O46339	P04359
O46339	P40427
O46339	P45594
O46339	A1ZB68
Q95RA9	Q9W2N0
Q95RA9	Q4V5I6
Q95RA9	Q9BIS2
Q95RA9	Q9VK57
Q95RA9	Q1ECA0
Q95RA9	P48603
Q962S2	P39018
Q962S2	Q9VVU2
Q962S2	P55828
Q962S2	P48588
Q962S2	P50882
Q962S2	Q9W237
Q962S2	Q9VTZ7
Q962S2	Q9W1B9
A8JRH3	Q1ECA0
A8JRH3	Q9VV83
Q8STG9	Q9VBQ5
Q8STG9	Q9V438
Q8STG9	A8JQT2
Q8STG9	Q9I7L3
Q8STG9	B7Z0U6
Q8STG9	Q9U599
Q8STG9	Q9V3Z4
Q8I7C3	Q8IRT6
Q8I7C3	Q7JQU5
Q8I7C3	Q9VXU3
P47980	Q1ECA0
P47980	Q9BIS2
P47980	Q9VS34
Q9VVA6	Q4V5I6
Q9VVA6	Q9BIS2
Q95RI5	Q9V3W6
Q95RI5	Q9VXU3
P47980	A1ZB68
P47980	P13469
Q8IQX8	P58952
Q8IQX8	A1ZB15
Q8IQX8	Q8MLW7
Q8IQX8	Q7KA66
Q8IQX8	Q9VKD7
Q8IQX8	Q7K0W1
Q8IQX8	Q08473
Q8IQX8	Q9W5R8
Q8IQX8	Q9VE24
Q8IQX8	P13469
Q8IQX8	Q8IPG9
Q8IQX8	P39018
Q8IQX8	Q1ECA0
Q8IQX8	Q9VXU3
Q8IQX8	A1Z847
Q8IQX8	Q8IN47
Q8IQX8	Q9VMN5
Q8IQX8	Q94518
Q8IQX8	Q9VHN7
Q8IQX8	P08928
Q8IQX8	B7Z0E0
Q8IQX8	Q9VHS8
Q8IQX8	Q9VJX7
Q8IQX8	Q02748
Q9VSW1	Q9VFN9
Q9VSW1	Q9VRJ0
Q9VSW1	Q9VCN3
Q9VSW1	Q86B87
Q9VVX3	Q8INY3
Q9VVX3	Q8MT46
Q9VVX3	Q7K0E6
Q9VVX3	Q7KVQ0
Q9VVX3	Q9W5D7
Q9VVX3	Q7K4L8
Q9VVX3	Q9VEZ5
Q9VVX3	A1Z9B0
Q9VVX3	Q9NEF6
Q9VVX3	Q95SH2
Q9VVX3	P13008
Q9VVX3	Q7KA66
Q9VVX3	Q9VJK1
Q9VVX3	Q9W237
Q9VVX3	Q8IQC6
Q9VT04	Q9W4S3
Q9VT04	Q9V4W1
Q9VT04	A8DZ14
Q9VT04	Q9VMJ1
Q9VT04	Q7K0E6
Q9VT04	Q9VCN3
Q9VT04	Q9V438
Q9VT04	B7Z0E0
Q9VT04	O96880
Q9VT04	Q9VMN5
Q9VT04	O61604
Q9VT04	Q7KTW9
Q9VT04	Q8IPY3
Q9VT04	P08928
P16568	Q7KTW9
P16568	P48603
P16568	Q9VSS2
Q9VX17	Q9NEF6
Q9VX17	Q9VVR6
Q9VX17	Q9W123
Q9VX17	Q86DS1
Q9VX17	Q9VA27
Q9VX17	P42124
Q9VX17	Q7KSA0
P62152	P22769
Q8SXF0	Q9W1B9
Q8SXF0	Q9VAY9
Q8SXF0	Q9W253
Q8SXF0	Q9VXX8
Q8SXF0	Q9VV39
Q8SXF0	Q7KTW9
Q8SXF0	P84040
Q8SXF0	Q7KA66
Q8SXF0	P39018
Q8SXF0	Q9VIN9
Q8SXF0	A1Z9A8
Q8SXF0	Q8MSS7
Q8SXF0	O77477
Q8SXF0	A1ZA16
Q8SXF0	P08928
Q8SXF0	P45594
Q8SXF0	Q8WTC1
P81900	P12370
P20478	Q7KTW9
P20478	Q9V405
P20478	Q9VBD6
P20478	P26270
P20478	P48605
P20478	Q9VK69
P20478	A1Z8U4
P20478	Q8SXX4
P20478	Q9W414
P20478	P46150
P20478	P00334
P20478	P48603
P20478	Q9VLZ2
P20478	Q9VES7
P20478	Q7KN94
P20478	Q9VTQ9
P20478	Q9VWH4
P20478	Q9W392
P20478	Q9W2N0
P20478	Q7K1H9
P20478	Q4V5I6
Q9VS59	Q9VYG2
Q9VS59	Q9VYG2
Q7K012	Q9VS59
Q9VS59	Q9VYG2
O96989	Q9W2V7
O96989	Q9VQY9
O96989	Q9W0I7
O96989	Q9VBI1
O96989	Q9XYU0
O96989	Q9VGW6
Q9VQY9	Q9W2V7
Q9VQY9	Q9W0I7
Q9VQY9	Q9VBI1
Q9VQY9	Q9XYU0
Q9VQY9	Q9VGW6
Q9VQY9	O96989
O96989	Q9W2V7
O96989	Q9VQY9
O96989	Q9W0I7
O96989	Q9VBI1
O96989	Q9XYU0
O96989	Q9VGW6
O96989	Q9W2V7
O96989	Q9VQY9
O96989	Q9W0I7
O96989	Q9VBI1
O96989	Q9XYU0
O96989	Q9VGW6
P49847	Q27272
P49847	P49846
P49847	P20227
Q9U6B8	P83094
Q9U6B8	P83094
Q9VND8	Q9VGS2
Q9V6Q2	P84051
Q9V6Q2	P84040
Q9V6Q2	P02283
Q9V6Q2	P84051
Q24537	Q94517
Q24537	Q24151
Q24537	P18289
Q24151	Q94517
Q24151	Q24537
Q24151	P18289
P18289	Q94517
P18289	Q24537
P18289	Q24151
P16371	Q9W4S7
Q9W4S7	P16371
A8WH76	Q24008
A8WH76	Q24008
P52304	Q23973
P52304	Q23973
P52304	Q23973
P52304	Q23973
A8DYL7	O17432
P11346	P11346
P00528	P11346
P00528	P11346
P83094	Q9U6B8
Q9U6B8	Q9U6B8
Q9U6B8	Q9U6B8
P83094	Q9U6B8
Q9W0S8	Q9VAP2
Q9W0G7	Q9VAP2
Q9VKD6	O61491
Q9VKD6	Q9W0S8
Q9VKD6	Q9W0G6
Q9VKD6	Q9W4M8
Q9VKD6	P13469
Q9VKD6	Q9W0G7
Q9VKD6	Q9W2P0
Q9VKD6	Q9VAP2
Q9VKD6	Q7K4B4
Q9W0G6	Q9VAP2
Q9VWY6	P49846
P22745	Q02748
Q02748	P22745
Q9VC57	Q9VC57
P16371	P10734
P10734	O46036
P10734	P16371
Q95SP2	P06002
Q9W1H5	Q9W1H5
P06002	P48554
Q24134	P92204
Q24134	Q9Y113
P98149	P98149
P42003	Q7KNS3
P42003	Q7KNS3
P48598	P21187
P48598	P21187
Q9VBI1	Q9VQY9
Q9VBI1	Q9W0I7
Q9VBI1	Q9W2V7
Q9VBI1	Q9W0I7
Q9VC57	Q9VC57
Q9VC57	Q9VC57
Q9VC57	Q9VC57
Q9VC57	Q9VC57
P04197	Q7K159
P04197	Q24572
Q8IR83	Q8MRL1
Q8MRL1	Q8MRL1
Q8IR83	Q8IR83
Q8IR83	Q8MRL1
Q9VC57	Q9VC57
Q9VC57	Q9VC57
Q9VC57	Q9VC57
Q9VC57	Q9VC57
O97143	O97143
Q9VDE3	O97143
Q9VKD7	Q9VKD7
Q9I7U5	Q7JZV0
Q9I7U5	Q9VQ35
Q9I7U5	Q03334
Q9I7U5	Q9VAC8
Q9I7U5	P52304
Q9I7U5	Q9VJ57
Q9I7U5	Q9XZ31
Q9I7U5	P42271
Q9I7U5	P52304
P45975	P02255
P05205	P02255
Q8SY07	Q9VP78
Q9VCR6	Q8T0S6
P08181	P08182
P08182	P08181
Q960N3	Q9I7L8
Q960N3	Q9VCN6
Q960N3	Q23973
Q960N3	Q9I7L8
Q960N3	Q9VCN6
Q960N3	Q9I7L8
Q960N3	Q9VCN6
Q960N3	Q23973
Q9VDE3	O77430
Q9VDE3	Q24311
Q8INB9	Q9VDE3
Q8INB9	Q9VDE3
Q9VDE3	Q9W5E1
Q9VDE3	O77430
Q9VDE3	Q24311
Q8INB9	Q9VDE3
Q8INB9	Q9VDE3
Q9XZ68	Q9W501
Q9XZ68	Q9W501
Q9W501	O18335
Q9W501	Q9XZ68
Q9VN77	Q9XZ68
Q9VN77	Q9V8W3
Q9W501	Q9V8W3
Q9W501	O18332
Q9VN77	Q9XZ68
Q9XZ68	Q9VN77
Q9XZ68	Q9W501
Q9W501	Q9XZ68
Q9W501	Q9V8W3
Q9W501	O18335
Q9W501	Q9V8W3
Q9V8W3	Q9W501
Q9W501	O18335
Q9W501	Q9XZ68
Q9W501	Q9V8W3
O18332	Q9W501
Q9V8W3	Q9VN77
Q9W501	Q9XZ68
Q9W501	Q9V8W3
Q9W501	O18332
Q9W501	Q9XZ68
Q9W501	O18332
Q9VCY3	Q9XZ58
Q9VCY3	Q9V345
P22745	Q9V345
Q9XZ58	Q9V345
Q9V4S8	Q9V345
Q9V345	P22745
Q9V4S8	Q9VCY3
Q9V345	P22745
Q9V345	P22745
Q7K0S5	Q7K3Z3
Q7K0S5	Q7K3Z3
Q8MUJ1	Q9VJ83
Q9W3I9	Q9VJ83
Q8MUJ1	Q9VJ83
Q8MUJ1	Q9VJ83
Q8MUJ1	Q9VJ83
Q4V5V6	Q9VBP0
Q9VSH3	O02194
Q9W3F7	Q9VKD7
Q9W3F7	Q9VKD7
Q9VKD7	Q9VKD7
Q9VS51	Q9VND8
Q9VS51	Q9VND8
