Test Degree Threshold	Train Degree Threshold	Network	GO-type	Metric	Folds	Score
5	5	Shared-Y2H	MF	Accuracy	0	0.10852713178294573
5	5	Shared-Y2H	MF	Accuracy	1	0.11355311355311355
5	5	Shared-Y2H	MF	Accuracy	2	0.11068702290076336
5	5	Shared-Y2H	MF	Accuracy	3	0.125
5	5	Shared-Y2H	MF	Accuracy	4	0.07604562737642585
5	5	Shared-Y2H	BP	Accuracy	0	0.12849162011173185
5	5	Shared-Y2H	BP	Accuracy	1	0.08985507246376812
5	5	Shared-Y2H	BP	Accuracy	2	0.10584958217270195
5	5	Shared-Y2H	BP	Accuracy	3	0.11979166666666667
5	5	Shared-Y2H	BP	Accuracy	4	0.1174934725848564
5	5	Shared-Y2H	CC	Accuracy	0	0.1831578947368421
5	5	Shared-Y2H	CC	Accuracy	1	0.1703056768558952
5	5	Shared-Y2H	CC	Accuracy	2	0.21413276231263384
5	5	Shared-Y2H	CC	Accuracy	3	0.1851063829787234
5	5	Shared-Y2H	CC	Accuracy	4	0.20454545454545456
5	10	Shared-Y2H	MF	Accuracy	0	0.13307984790874525
5	10	Shared-Y2H	MF	Accuracy	1	0.10074626865671642
5	10	Shared-Y2H	MF	Accuracy	2	0.13857677902621723
5	10	Shared-Y2H	MF	Accuracy	3	0.1640625
5	10	Shared-Y2H	MF	Accuracy	4	0.12790697674418605
5	10	Shared-Y2H	BP	Accuracy	0	0.17066666666666666
5	10	Shared-Y2H	BP	Accuracy	1	0.15789473684210525
5	10	Shared-Y2H	BP	Accuracy	2	0.12162162162162163
5	10	Shared-Y2H	BP	Accuracy	3	0.15428571428571428
5	10	Shared-Y2H	BP	Accuracy	4	0.1260053619302949
5	10	Shared-Y2H	CC	Accuracy	0	0.27136752136752135
5	10	Shared-Y2H	CC	Accuracy	1	0.27474747474747474
5	10	Shared-Y2H	CC	Accuracy	2	0.28448275862068967
5	10	Shared-Y2H	CC	Accuracy	3	0.3080260303687636
5	10	Shared-Y2H	CC	Accuracy	4	0.2939914163090129
5	25	Shared-Y2H	MF	Accuracy	0	0.17509727626459143
5	25	Shared-Y2H	MF	Accuracy	1	0.1444866920152091
5	25	Shared-Y2H	MF	Accuracy	2	0.15298507462686567
5	25	Shared-Y2H	MF	Accuracy	3	0.14285714285714285
5	25	Shared-Y2H	MF	Accuracy	4	0.13178294573643412
5	25	Shared-Y2H	BP	Accuracy	0	0.1529745042492918
5	25	Shared-Y2H	BP	Accuracy	1	0.17914438502673796
5	25	Shared-Y2H	BP	Accuracy	2	0.17759562841530055
5	25	Shared-Y2H	BP	Accuracy	3	0.2127659574468085
5	25	Shared-Y2H	BP	Accuracy	4	0.1527777777777778
5	25	Shared-Y2H	CC	Accuracy	0	0.3487394957983193
5	25	Shared-Y2H	CC	Accuracy	1	0.37662337662337664
5	25	Shared-Y2H	CC	Accuracy	2	0.38589211618257263
5	25	Shared-Y2H	CC	Accuracy	3	0.3849462365591398
5	25	Shared-Y2H	CC	Accuracy	4	0.3304904051172708
5	30	Shared-Y2H	MF	Accuracy	0	0.19029850746268656
5	30	Shared-Y2H	MF	Accuracy	1	0.1553030303030303
5	30	Shared-Y2H	MF	Accuracy	2	0.16030534351145037
5	30	Shared-Y2H	MF	Accuracy	3	0.14545454545454545
5	30	Shared-Y2H	MF	Accuracy	4	0.18518518518518517
5	30	Shared-Y2H	BP	Accuracy	0	0.21703296703296704
5	30	Shared-Y2H	BP	Accuracy	1	0.1931216931216931
5	30	Shared-Y2H	BP	Accuracy	2	0.19220055710306408
5	30	Shared-Y2H	BP	Accuracy	3	0.15864022662889518
5	30	Shared-Y2H	BP	Accuracy	4	0.16533333333333333
5	30	Shared-Y2H	CC	Accuracy	0	0.3540772532188841
5	30	Shared-Y2H	CC	Accuracy	1	0.3601694915254237
5	30	Shared-Y2H	CC	Accuracy	2	0.3837953091684435
5	30	Shared-Y2H	CC	Accuracy	3	0.4146868250539957
5	30	Shared-Y2H	CC	Accuracy	4	0.3450413223140496
5	100	Shared-Y2H	MF	Accuracy	0	0.14728682170542637
5	100	Shared-Y2H	MF	Accuracy	1	0.16044776119402984
5	100	Shared-Y2H	MF	Accuracy	2	0.183206106870229
5	100	Shared-Y2H	MF	Accuracy	3	0.132
5	100	Shared-Y2H	MF	Accuracy	4	0.22992700729927007
5	100	Shared-Y2H	BP	Accuracy	0	0.20215633423180593
5	100	Shared-Y2H	BP	Accuracy	1	0.16893732970027248
5	100	Shared-Y2H	BP	Accuracy	2	0.2016348773841962
5	100	Shared-Y2H	BP	Accuracy	3	0.18681318681318682
5	100	Shared-Y2H	BP	Accuracy	4	0.2111111111111111
5	100	Shared-Y2H	CC	Accuracy	0	0.41875
5	100	Shared-Y2H	CC	Accuracy	1	0.39072847682119205
5	100	Shared-Y2H	CC	Accuracy	2	0.40638297872340423
5	100	Shared-Y2H	CC	Accuracy	3	0.4171907756813417
5	100	Shared-Y2H	CC	Accuracy	4	0.379746835443038
5	1000	Shared-Y2H	MF	Accuracy	0	0.16205533596837945
5	1000	Shared-Y2H	MF	Accuracy	1	0.17735849056603772
5	1000	Shared-Y2H	MF	Accuracy	2	0.1297709923664122
5	1000	Shared-Y2H	MF	Accuracy	3	0.19391634980988592
5	1000	Shared-Y2H	MF	Accuracy	4	0.18587360594795538
5	1000	Shared-Y2H	BP	Accuracy	0	0.21866666666666668
5	1000	Shared-Y2H	BP	Accuracy	1	0.19613259668508287
5	1000	Shared-Y2H	BP	Accuracy	2	0.1725067385444744
5	1000	Shared-Y2H	BP	Accuracy	3	0.18207282913165265
5	1000	Shared-Y2H	BP	Accuracy	4	0.17032967032967034
5	1000	Shared-Y2H	CC	Accuracy	0	0.42637362637362636
5	1000	Shared-Y2H	CC	Accuracy	1	0.41631799163179917
5	1000	Shared-Y2H	CC	Accuracy	2	0.3991507430997877
5	1000	Shared-Y2H	CC	Accuracy	3	0.4175365344467641
5	1000	Shared-Y2H	CC	Accuracy	4	0.3991507430997877
10	5	Shared-Y2H	MF	Accuracy	0	0.14950166112956811
10	5	Shared-Y2H	MF	Accuracy	1	0.13141025641025642
10	5	Shared-Y2H	MF	Accuracy	2	0.08544303797468354
10	5	Shared-Y2H	MF	Accuracy	3	0.08201892744479496
10	5	Shared-Y2H	MF	Accuracy	4	0.12101910828025478
10	5	Shared-Y2H	BP	Accuracy	0	0.15102974828375287
10	5	Shared-Y2H	BP	Accuracy	1	0.14482758620689656
10	5	Shared-Y2H	BP	Accuracy	2	0.13082039911308205
10	5	Shared-Y2H	BP	Accuracy	3	0.1244343891402715
10	5	Shared-Y2H	BP	Accuracy	4	0.083710407239819
10	5	Shared-Y2H	CC	Accuracy	0	0.24601769911504426
10	5	Shared-Y2H	CC	Accuracy	1	0.2198581560283688
10	5	Shared-Y2H	CC	Accuracy	2	0.23851590106007067
10	5	Shared-Y2H	CC	Accuracy	3	0.23497267759562843
10	5	Shared-Y2H	CC	Accuracy	4	0.22968197879858657
10	10	Shared-Y2H	MF	Accuracy	0	0.1059190031152648
10	10	Shared-Y2H	MF	Accuracy	1	0.18210862619808307
10	10	Shared-Y2H	MF	Accuracy	2	0.13915857605177995
10	10	Shared-Y2H	MF	Accuracy	3	0.17218543046357615
10	10	Shared-Y2H	MF	Accuracy	4	0.1523809523809524
10	10	Shared-Y2H	BP	Accuracy	0	0.15625
10	10	Shared-Y2H	BP	Accuracy	1	0.18793503480278423
10	10	Shared-Y2H	BP	Accuracy	2	0.16252821670428894
10	10	Shared-Y2H	BP	Accuracy	3	0.14988290398126464
10	10	Shared-Y2H	BP	Accuracy	4	0.2074235807860262
10	10	Shared-Y2H	CC	Accuracy	0	0.3019538188277087
10	10	Shared-Y2H	CC	Accuracy	1	0.3217391304347826
10	10	Shared-Y2H	CC	Accuracy	2	0.3474264705882353
10	10	Shared-Y2H	CC	Accuracy	3	0.3155080213903743
10	10	Shared-Y2H	CC	Accuracy	4	0.30511463844797176
10	25	Shared-Y2H	MF	Accuracy	0	0.1955128205128205
10	25	Shared-Y2H	MF	Accuracy	1	0.16307692307692306
10	25	Shared-Y2H	MF	Accuracy	2	0.18152866242038215
10	25	Shared-Y2H	MF	Accuracy	3	0.13504823151125403
10	25	Shared-Y2H	MF	Accuracy	4	0.1644295302013423
10	25	Shared-Y2H	BP	Accuracy	0	0.19690265486725664
10	25	Shared-Y2H	BP	Accuracy	1	0.1875
10	25	Shared-Y2H	BP	Accuracy	2	0.18266978922716628
10	25	Shared-Y2H	BP	Accuracy	3	0.2013274336283186
10	25	Shared-Y2H	BP	Accuracy	4	0.19158878504672897
10	25	Shared-Y2H	CC	Accuracy	0	0.4021164021164021
10	25	Shared-Y2H	CC	Accuracy	1	0.3968253968253968
10	25	Shared-Y2H	CC	Accuracy	2	0.3985637342908438
10	25	Shared-Y2H	CC	Accuracy	3	0.415929203539823
10	25	Shared-Y2H	CC	Accuracy	4	0.40252707581227437
10	30	Shared-Y2H	MF	Accuracy	0	0.1873015873015873
10	30	Shared-Y2H	MF	Accuracy	1	0.16346153846153846
10	30	Shared-Y2H	MF	Accuracy	2	0.1901639344262295
10	30	Shared-Y2H	MF	Accuracy	3	0.1563517915309446
10	30	Shared-Y2H	MF	Accuracy	4	0.17133956386292834
10	30	Shared-Y2H	BP	Accuracy	0	0.2261640798226164
10	30	Shared-Y2H	BP	Accuracy	1	0.1905829596412556
10	30	Shared-Y2H	BP	Accuracy	2	0.18706697459584296
10	30	Shared-Y2H	BP	Accuracy	3	0.19534883720930232
10	30	Shared-Y2H	BP	Accuracy	4	0.19239373601789708
10	30	Shared-Y2H	CC	Accuracy	0	0.3985890652557319
10	30	Shared-Y2H	CC	Accuracy	1	0.43386243386243384
10	30	Shared-Y2H	CC	Accuracy	2	0.4452296819787986
10	30	Shared-Y2H	CC	Accuracy	3	0.41872791519434627
10	30	Shared-Y2H	CC	Accuracy	4	0.41360294117647056
10	100	Shared-Y2H	MF	Accuracy	0	0.15460526315789475
10	100	Shared-Y2H	MF	Accuracy	1	0.20125786163522014
10	100	Shared-Y2H	MF	Accuracy	2	0.18152866242038215
10	100	Shared-Y2H	MF	Accuracy	3	0.2108626198083067
10	100	Shared-Y2H	MF	Accuracy	4	0.17684887459807075
10	100	Shared-Y2H	BP	Accuracy	0	0.21184510250569477
10	100	Shared-Y2H	BP	Accuracy	1	0.17995444191343962
10	100	Shared-Y2H	BP	Accuracy	2	0.22271714922049
10	100	Shared-Y2H	BP	Accuracy	3	0.2323008849557522
10	100	Shared-Y2H	BP	Accuracy	4	0.18925233644859812
10	100	Shared-Y2H	CC	Accuracy	0	0.4377224199288256
10	100	Shared-Y2H	CC	Accuracy	1	0.4444444444444444
10	100	Shared-Y2H	CC	Accuracy	2	0.4525939177101968
10	100	Shared-Y2H	CC	Accuracy	3	0.42245989304812837
10	100	Shared-Y2H	CC	Accuracy	4	0.42934782608695654
10	1000	Shared-Y2H	MF	Accuracy	0	0.1858974358974359
10	1000	Shared-Y2H	MF	Accuracy	1	0.21103896103896103
10	1000	Shared-Y2H	MF	Accuracy	2	0.16721311475409836
10	1000	Shared-Y2H	MF	Accuracy	3	0.17041800643086816
10	1000	Shared-Y2H	MF	Accuracy	4	0.16049382716049382
10	1000	Shared-Y2H	BP	Accuracy	0	0.18594104308390022
10	1000	Shared-Y2H	BP	Accuracy	1	0.17701149425287357
10	1000	Shared-Y2H	BP	Accuracy	2	0.2062780269058296
10	1000	Shared-Y2H	BP	Accuracy	3	0.18141592920353983
10	1000	Shared-Y2H	BP	Accuracy	4	0.22632794457274827
10	1000	Shared-Y2H	CC	Accuracy	0	0.4543859649122807
10	1000	Shared-Y2H	CC	Accuracy	1	0.4426229508196721
10	1000	Shared-Y2H	CC	Accuracy	2	0.45359019264448336
10	1000	Shared-Y2H	CC	Accuracy	3	0.4142857142857143
10	1000	Shared-Y2H	CC	Accuracy	4	0.44642857142857145
25	5	Shared-Y2H	MF	Accuracy	0	0.11627906976744186
25	5	Shared-Y2H	MF	Accuracy	1	0.1348973607038123
25	5	Shared-Y2H	MF	Accuracy	2	0.1225071225071225
25	5	Shared-Y2H	MF	Accuracy	3	0.1391304347826087
25	5	Shared-Y2H	MF	Accuracy	4	0.12181303116147309
25	5	Shared-Y2H	BP	Accuracy	0	0.147239263803681
25	5	Shared-Y2H	BP	Accuracy	1	0.13157894736842105
25	5	Shared-Y2H	BP	Accuracy	2	0.109979633401222
25	5	Shared-Y2H	BP	Accuracy	3	0.12574850299401197
25	5	Shared-Y2H	BP	Accuracy	4	0.1643002028397566
25	5	Shared-Y2H	CC	Accuracy	0	0.24757281553398058
25	5	Shared-Y2H	CC	Accuracy	1	0.24170616113744076
25	5	Shared-Y2H	CC	Accuracy	2	0.2655007949125596
25	5	Shared-Y2H	CC	Accuracy	3	0.26465927099841524
25	5	Shared-Y2H	CC	Accuracy	4	0.2564102564102564
25	10	Shared-Y2H	MF	Accuracy	0	0.14857142857142858
25	10	Shared-Y2H	MF	Accuracy	1	0.1585014409221902
25	10	Shared-Y2H	MF	Accuracy	2	0.18911174785100288
25	10	Shared-Y2H	MF	Accuracy	3	0.16129032258064516
25	10	Shared-Y2H	MF	Accuracy	4	0.1642651296829971
25	10	Shared-Y2H	BP	Accuracy	0	0.1862348178137652
25	10	Shared-Y2H	BP	Accuracy	1	0.1898989898989899
25	10	Shared-Y2H	BP	Accuracy	2	0.18236472945891782
25	10	Shared-Y2H	BP	Accuracy	3	0.17453798767967146
25	10	Shared-Y2H	BP	Accuracy	4	0.1845841784989858
25	10	Shared-Y2H	CC	Accuracy	0	0.3448275862068966
25	10	Shared-Y2H	CC	Accuracy	1	0.3607085346215781
25	10	Shared-Y2H	CC	Accuracy	2	0.32857142857142857
25	10	Shared-Y2H	CC	Accuracy	3	0.3408360128617363
25	10	Shared-Y2H	CC	Accuracy	4	0.36538461538461536
25	25	Shared-Y2H	MF	Accuracy	0	0.15954415954415954
25	25	Shared-Y2H	MF	Accuracy	1	0.20116618075801748
25	25	Shared-Y2H	MF	Accuracy	2	0.2
25	25	Shared-Y2H	MF	Accuracy	3	0.19186046511627908
25	25	Shared-Y2H	MF	Accuracy	4	0.17094017094017094
25	25	Shared-Y2H	BP	Accuracy	0	0.19959266802443992
25	25	Shared-Y2H	BP	Accuracy	1	0.2028397565922921
25	25	Shared-Y2H	BP	Accuracy	2	0.1951219512195122
25	25	Shared-Y2H	BP	Accuracy	3	0.20080321285140562
25	25	Shared-Y2H	BP	Accuracy	4	0.20242914979757085
25	25	Shared-Y2H	CC	Accuracy	0	0.4554140127388535
25	25	Shared-Y2H	CC	Accuracy	1	0.43820224719101125
25	25	Shared-Y2H	CC	Accuracy	2	0.41373801916932906
25	25	Shared-Y2H	CC	Accuracy	3	0.41352201257861637
25	25	Shared-Y2H	CC	Accuracy	4	0.4180064308681672
25	30	Shared-Y2H	MF	Accuracy	0	0.20809248554913296
25	30	Shared-Y2H	MF	Accuracy	1	0.17478510028653296
25	30	Shared-Y2H	MF	Accuracy	2	0.18313953488372092
25	30	Shared-Y2H	MF	Accuracy	3	0.14825581395348839
25	30	Shared-Y2H	MF	Accuracy	4	0.1794871794871795
25	30	Shared-Y2H	BP	Accuracy	0	0.19675456389452334
25	30	Shared-Y2H	BP	Accuracy	1	0.2052313883299799
25	30	Shared-Y2H	BP	Accuracy	2	0.19591836734693877
25	30	Shared-Y2H	BP	Accuracy	3	0.2157258064516129
25	30	Shared-Y2H	BP	Accuracy	4	0.22154471544715448
25	30	Shared-Y2H	CC	Accuracy	0	0.4272
25	30	Shared-Y2H	CC	Accuracy	1	0.4217252396166134
25	30	Shared-Y2H	CC	Accuracy	2	0.4585987261146497
25	30	Shared-Y2H	CC	Accuracy	3	0.4304
25	30	Shared-Y2H	CC	Accuracy	4	0.4294770206022187
25	100	Shared-Y2H	MF	Accuracy	0	0.20689655172413793
25	100	Shared-Y2H	MF	Accuracy	1	0.21902017291066284
25	100	Shared-Y2H	MF	Accuracy	2	0.1791907514450867
25	100	Shared-Y2H	MF	Accuracy	3	0.2005813953488372
25	100	Shared-Y2H	MF	Accuracy	4	0.17478510028653296
25	100	Shared-Y2H	BP	Accuracy	0	0.19066937119675456
25	100	Shared-Y2H	BP	Accuracy	1	0.17137096774193547
25	100	Shared-Y2H	BP	Accuracy	2	0.2318548387096774
25	100	Shared-Y2H	BP	Accuracy	3	0.21095334685598377
25	100	Shared-Y2H	BP	Accuracy	4	0.21836734693877552
25	100	Shared-Y2H	CC	Accuracy	0	0.4870967741935484
25	100	Shared-Y2H	CC	Accuracy	1	0.43217665615141954
25	100	Shared-Y2H	CC	Accuracy	2	0.4541139240506329
25	100	Shared-Y2H	CC	Accuracy	3	0.5024
25	100	Shared-Y2H	CC	Accuracy	4	0.4967948717948718
25	1000	Shared-Y2H	MF	Accuracy	0	0.21037463976945245
25	1000	Shared-Y2H	MF	Accuracy	1	0.1977077363896848
25	1000	Shared-Y2H	MF	Accuracy	2	0.1810344827586207
25	1000	Shared-Y2H	MF	Accuracy	3	0.21282798833819241
25	1000	Shared-Y2H	MF	Accuracy	4	0.1642651296829971
25	1000	Shared-Y2H	BP	Accuracy	0	0.18875502008032127
25	1000	Shared-Y2H	BP	Accuracy	1	0.19681908548707752
25	1000	Shared-Y2H	BP	Accuracy	2	0.20081967213114754
25	1000	Shared-Y2H	BP	Accuracy	3	0.21428571428571427
25	1000	Shared-Y2H	BP	Accuracy	4	0.21881390593047034
25	1000	Shared-Y2H	CC	Accuracy	0	0.4570063694267516
25	1000	Shared-Y2H	CC	Accuracy	1	0.48870967741935484
25	1000	Shared-Y2H	CC	Accuracy	2	0.48742138364779874
25	1000	Shared-Y2H	CC	Accuracy	3	0.453525641025641
25	1000	Shared-Y2H	CC	Accuracy	4	0.44178628389154706
50	5	Shared-Y2H	MF	Accuracy	0	0.13802816901408452
50	5	Shared-Y2H	MF	Accuracy	1	0.12464589235127478
50	5	Shared-Y2H	MF	Accuracy	2	0.12994350282485875
50	5	Shared-Y2H	MF	Accuracy	3	0.1274787535410765
50	5	Shared-Y2H	MF	Accuracy	4	0.12394366197183099
50	5	Shared-Y2H	BP	Accuracy	0	0.1377952755905512
50	5	Shared-Y2H	BP	Accuracy	1	0.13043478260869565
50	5	Shared-Y2H	BP	Accuracy	2	0.14566929133858267
50	5	Shared-Y2H	BP	Accuracy	3	0.16338582677165353
50	5	Shared-Y2H	BP	Accuracy	4	0.11683168316831684
50	5	Shared-Y2H	CC	Accuracy	0	0.2472952086553323
50	5	Shared-Y2H	CC	Accuracy	1	0.2596599690880989
50	5	Shared-Y2H	CC	Accuracy	2	0.2678018575851393
50	5	Shared-Y2H	CC	Accuracy	3	0.2850467289719626
50	5	Shared-Y2H	CC	Accuracy	4	0.26283048211508553
50	10	Shared-Y2H	MF	Accuracy	0	0.14366197183098592
50	10	Shared-Y2H	MF	Accuracy	1	0.14730878186968838
50	10	Shared-Y2H	MF	Accuracy	2	0.16056338028169015
50	10	Shared-Y2H	MF	Accuracy	3	0.1501416430594901
50	10	Shared-Y2H	MF	Accuracy	4	0.1694915254237288
50	10	Shared-Y2H	BP	Accuracy	0	0.16302186878727634
50	10	Shared-Y2H	BP	Accuracy	1	0.18627450980392157
50	10	Shared-Y2H	BP	Accuracy	2	0.18199608610567514
50	10	Shared-Y2H	BP	Accuracy	3	0.1801980198019802
50	10	Shared-Y2H	BP	Accuracy	4	0.17786561264822134
50	10	Shared-Y2H	CC	Accuracy	0	0.36801242236024845
50	10	Shared-Y2H	CC	Accuracy	1	0.36024844720496896
50	10	Shared-Y2H	CC	Accuracy	2	0.3323029366306028
50	10	Shared-Y2H	CC	Accuracy	3	0.3544891640866873
50	10	Shared-Y2H	CC	Accuracy	4	0.34627329192546585
50	25	Shared-Y2H	MF	Accuracy	0	0.2033898305084746
50	25	Shared-Y2H	MF	Accuracy	1	0.1671388101983003
50	25	Shared-Y2H	MF	Accuracy	2	0.18233618233618235
50	25	Shared-Y2H	MF	Accuracy	3	0.18028169014084508
50	25	Shared-Y2H	MF	Accuracy	4	0.1792717086834734
50	25	Shared-Y2H	BP	Accuracy	0	0.20118343195266272
50	25	Shared-Y2H	BP	Accuracy	1	0.2003968253968254
50	25	Shared-Y2H	BP	Accuracy	2	0.1952662721893491
50	25	Shared-Y2H	BP	Accuracy	3	0.206286836935167
50	25	Shared-Y2H	BP	Accuracy	4	0.21653543307086615
50	25	Shared-Y2H	CC	Accuracy	0	0.41576506955177744
50	25	Shared-Y2H	CC	Accuracy	1	0.43057722308892354
50	25	Shared-Y2H	CC	Accuracy	2	0.41975308641975306
50	25	Shared-Y2H	CC	Accuracy	3	0.4504643962848297
50	25	Shared-Y2H	CC	Accuracy	4	0.401244167962675
50	30	Shared-Y2H	MF	Accuracy	0	0.19263456090651557
50	30	Shared-Y2H	MF	Accuracy	1	0.1794871794871795
50	30	Shared-Y2H	MF	Accuracy	2	0.1737891737891738
50	30	Shared-Y2H	MF	Accuracy	3	0.17746478873239438
50	30	Shared-Y2H	MF	Accuracy	4	0.17222222222222222
50	30	Shared-Y2H	BP	Accuracy	0	0.24803149606299213
50	30	Shared-Y2H	BP	Accuracy	1	0.2
50	30	Shared-Y2H	BP	Accuracy	2	0.17681728880157171
50	30	Shared-Y2H	BP	Accuracy	3	0.1956521739130435
50	30	Shared-Y2H	BP	Accuracy	4	0.2051792828685259
50	30	Shared-Y2H	CC	Accuracy	0	0.42857142857142855
50	30	Shared-Y2H	CC	Accuracy	1	0.4199066874027994
50	30	Shared-Y2H	CC	Accuracy	2	0.4861111111111111
50	30	Shared-Y2H	CC	Accuracy	3	0.4263565891472868
50	30	Shared-Y2H	CC	Accuracy	4	0.40310077519379844
50	100	Shared-Y2H	MF	Accuracy	0	0.18285714285714286
50	100	Shared-Y2H	MF	Accuracy	1	0.192090395480226
50	100	Shared-Y2H	MF	Accuracy	2	0.2033898305084746
50	100	Shared-Y2H	MF	Accuracy	3	0.19318181818181818
50	100	Shared-Y2H	MF	Accuracy	4	0.20277777777777778
50	100	Shared-Y2H	BP	Accuracy	0	0.18811881188118812
50	100	Shared-Y2H	BP	Accuracy	1	0.2134387351778656
50	100	Shared-Y2H	BP	Accuracy	2	0.1976284584980237
50	100	Shared-Y2H	BP	Accuracy	3	0.23137254901960785
50	100	Shared-Y2H	BP	Accuracy	4	0.2047244094488189
50	100	Shared-Y2H	CC	Accuracy	0	0.4472049689440994
50	100	Shared-Y2H	CC	Accuracy	1	0.48307692307692307
50	100	Shared-Y2H	CC	Accuracy	2	0.4460093896713615
50	100	Shared-Y2H	CC	Accuracy	3	0.448062015503876
50	100	Shared-Y2H	CC	Accuracy	4	0.4714064914992272
50	1000	Shared-Y2H	MF	Accuracy	0	0.199438202247191
50	1000	Shared-Y2H	MF	Accuracy	1	0.19718309859154928
50	1000	Shared-Y2H	MF	Accuracy	2	0.17329545454545456
50	1000	Shared-Y2H	MF	Accuracy	3	0.1903409090909091
50	1000	Shared-Y2H	MF	Accuracy	4	0.2028169014084507
50	1000	Shared-Y2H	BP	Accuracy	0	0.23366336633663368
50	1000	Shared-Y2H	BP	Accuracy	1	0.22090729783037474
50	1000	Shared-Y2H	BP	Accuracy	2	0.20235756385068762
50	1000	Shared-Y2H	BP	Accuracy	3	0.2079207920792079
50	1000	Shared-Y2H	BP	Accuracy	4	0.21414538310412573
50	1000	Shared-Y2H	CC	Accuracy	0	0.4532710280373832
50	1000	Shared-Y2H	CC	Accuracy	1	0.437403400309119
50	1000	Shared-Y2H	CC	Accuracy	2	0.4672897196261682
50	1000	Shared-Y2H	CC	Accuracy	3	0.46307692307692305
50	1000	Shared-Y2H	CC	Accuracy	4	0.4813664596273292
100	5	Shared-Y2H	MF	Accuracy	0	0.13725490196078433
100	5	Shared-Y2H	MF	Accuracy	1	0.16526610644257703
100	5	Shared-Y2H	MF	Accuracy	2	0.1092436974789916
100	5	Shared-Y2H	MF	Accuracy	3	0.1323943661971831
100	5	Shared-Y2H	MF	Accuracy	4	0.13055555555555556
100	5	Shared-Y2H	BP	Accuracy	0	0.146484375
100	5	Shared-Y2H	BP	Accuracy	1	0.1286549707602339
100	5	Shared-Y2H	BP	Accuracy	2	0.125
100	5	Shared-Y2H	BP	Accuracy	3	0.1364522417153996
100	5	Shared-Y2H	BP	Accuracy	4	0.11328125
100	5	Shared-Y2H	CC	Accuracy	0	0.26574500768049153
100	5	Shared-Y2H	CC	Accuracy	1	0.27342549923195086
100	5	Shared-Y2H	CC	Accuracy	2	0.2469325153374233
100	5	Shared-Y2H	CC	Accuracy	3	0.27076923076923076
100	5	Shared-Y2H	CC	Accuracy	4	0.26033690658499237
100	10	Shared-Y2H	MF	Accuracy	0	0.1568627450980392
100	10	Shared-Y2H	MF	Accuracy	1	0.15211267605633802
100	10	Shared-Y2H	MF	Accuracy	2	0.18207282913165265
100	10	Shared-Y2H	MF	Accuracy	3	0.16573033707865167
100	10	Shared-Y2H	MF	Accuracy	4	0.14958448753462603
100	10	Shared-Y2H	BP	Accuracy	0	0.16796875
100	10	Shared-Y2H	BP	Accuracy	1	0.19883040935672514
100	10	Shared-Y2H	BP	Accuracy	2	0.17221135029354206
100	10	Shared-Y2H	BP	Accuracy	3	0.1953125
100	10	Shared-Y2H	BP	Accuracy	4	0.1926070038910506
100	10	Shared-Y2H	CC	Accuracy	0	0.31901840490797545
100	10	Shared-Y2H	CC	Accuracy	1	0.35023041474654376
100	10	Shared-Y2H	CC	Accuracy	2	0.36294027565084225
100	10	Shared-Y2H	CC	Accuracy	3	0.35846153846153844
100	10	Shared-Y2H	CC	Accuracy	4	0.3563748079877112
100	25	Shared-Y2H	MF	Accuracy	0	0.18487394957983194
100	25	Shared-Y2H	MF	Accuracy	1	0.15730337078651685
100	25	Shared-Y2H	MF	Accuracy	2	0.18207282913165265
100	25	Shared-Y2H	MF	Accuracy	3	0.1853932584269663
100	25	Shared-Y2H	MF	Accuracy	4	0.18888888888888888
100	25	Shared-Y2H	BP	Accuracy	0	0.185546875
100	25	Shared-Y2H	BP	Accuracy	1	0.23046875
100	25	Shared-Y2H	BP	Accuracy	2	0.20233463035019456
100	25	Shared-Y2H	BP	Accuracy	3	0.1761252446183953
100	25	Shared-Y2H	BP	Accuracy	4	0.20272904483430798
100	25	Shared-Y2H	CC	Accuracy	0	0.4294478527607362
100	25	Shared-Y2H	CC	Accuracy	1	0.42153846153846153
100	25	Shared-Y2H	CC	Accuracy	2	0.41935483870967744
100	25	Shared-Y2H	CC	Accuracy	3	0.44086021505376344
100	25	Shared-Y2H	CC	Accuracy	4	0.444104134762634
100	30	Shared-Y2H	MF	Accuracy	0	0.18591549295774648
100	30	Shared-Y2H	MF	Accuracy	1	0.19047619047619047
100	30	Shared-Y2H	MF	Accuracy	2	0.19607843137254902
100	30	Shared-Y2H	MF	Accuracy	3	0.1544943820224719
100	30	Shared-Y2H	MF	Accuracy	4	0.16620498614958448
100	30	Shared-Y2H	BP	Accuracy	0	0.21595330739299612
100	30	Shared-Y2H	BP	Accuracy	1	0.1807465618860511
100	30	Shared-Y2H	BP	Accuracy	2	0.2124756335282651
100	30	Shared-Y2H	BP	Accuracy	3	0.23586744639376217
100	30	Shared-Y2H	BP	Accuracy	4	0.1968810916179337
100	30	Shared-Y2H	CC	Accuracy	0	0.42615384615384616
100	30	Shared-Y2H	CC	Accuracy	1	0.423963133640553
100	30	Shared-Y2H	CC	Accuracy	2	0.4187116564417178
100	30	Shared-Y2H	CC	Accuracy	3	0.45468509984639016
100	30	Shared-Y2H	CC	Accuracy	4	0.45329249617151607
100	100	Shared-Y2H	MF	Accuracy	0	0.23876404494382023
100	100	Shared-Y2H	MF	Accuracy	1	0.17647058823529413
100	100	Shared-Y2H	MF	Accuracy	2	0.18820224719101122
100	100	Shared-Y2H	MF	Accuracy	3	0.21288515406162464
100	100	Shared-Y2H	MF	Accuracy	4	0.18055555555555555
100	100	Shared-Y2H	BP	Accuracy	0	0.22612085769980506
100	100	Shared-Y2H	BP	Accuracy	1	0.1796875
100	100	Shared-Y2H	BP	Accuracy	2	0.20272904483430798
100	100	Shared-Y2H	BP	Accuracy	3	0.208984375
100	100	Shared-Y2H	BP	Accuracy	4	0.220703125
100	100	Shared-Y2H	CC	Accuracy	0	0.4838709677419355
100	100	Shared-Y2H	CC	Accuracy	1	0.45245398773006135
100	100	Shared-Y2H	CC	Accuracy	2	0.4622496147919877
100	100	Shared-Y2H	CC	Accuracy	3	0.4662576687116564
100	100	Shared-Y2H	CC	Accuracy	4	0.4563552833078101
100	1000	Shared-Y2H	MF	Accuracy	0	0.17366946778711484
100	1000	Shared-Y2H	MF	Accuracy	1	0.21288515406162464
100	1000	Shared-Y2H	MF	Accuracy	2	0.17647058823529413
100	1000	Shared-Y2H	MF	Accuracy	3	0.2140845070422535
100	1000	Shared-Y2H	MF	Accuracy	4	0.18611111111111112
100	1000	Shared-Y2H	BP	Accuracy	0	0.1949317738791423
100	1000	Shared-Y2H	BP	Accuracy	1	0.23529411764705882
100	1000	Shared-Y2H	BP	Accuracy	2	0.181640625
100	1000	Shared-Y2H	BP	Accuracy	3	0.22762645914396887
100	1000	Shared-Y2H	BP	Accuracy	4	0.1871345029239766
100	1000	Shared-Y2H	CC	Accuracy	0	0.41384615384615386
100	1000	Shared-Y2H	CC	Accuracy	1	0.4340490797546012
100	1000	Shared-Y2H	CC	Accuracy	2	0.5084485407066052
100	1000	Shared-Y2H	CC	Accuracy	3	0.45858895705521474
100	1000	Shared-Y2H	CC	Accuracy	4	0.5
1000	5	Shared-Y2H	MF	Accuracy	0	0.1400560224089636
1000	5	Shared-Y2H	MF	Accuracy	1	0.11484593837535013
1000	5	Shared-Y2H	MF	Accuracy	2	0.12885154061624648
1000	5	Shared-Y2H	MF	Accuracy	3	0.11204481792717087
1000	5	Shared-Y2H	MF	Accuracy	4	0.16620498614958448
1000	5	Shared-Y2H	BP	Accuracy	0	0.14591439688715954
1000	5	Shared-Y2H	BP	Accuracy	1	0.12062256809338522
1000	5	Shared-Y2H	BP	Accuracy	2	0.12062256809338522
1000	5	Shared-Y2H	BP	Accuracy	3	0.13813229571984437
1000	5	Shared-Y2H	BP	Accuracy	4	0.1575875486381323
1000	5	Shared-Y2H	CC	Accuracy	0	0.28483920367534454
1000	5	Shared-Y2H	CC	Accuracy	1	0.2649310872894334
1000	5	Shared-Y2H	CC	Accuracy	2	0.2542113323124043
1000	5	Shared-Y2H	CC	Accuracy	3	0.2557427258805513
1000	5	Shared-Y2H	CC	Accuracy	4	0.2691131498470948
1000	10	Shared-Y2H	MF	Accuracy	0	0.15126050420168066
1000	10	Shared-Y2H	MF	Accuracy	1	0.15126050420168066
1000	10	Shared-Y2H	MF	Accuracy	2	0.14285714285714285
1000	10	Shared-Y2H	MF	Accuracy	3	0.15126050420168066
1000	10	Shared-Y2H	MF	Accuracy	4	0.18282548476454294
1000	10	Shared-Y2H	BP	Accuracy	0	0.1828793774319066
1000	10	Shared-Y2H	BP	Accuracy	1	0.14980544747081712
1000	10	Shared-Y2H	BP	Accuracy	2	0.16926070038910507
1000	10	Shared-Y2H	BP	Accuracy	3	0.16342412451361868
1000	10	Shared-Y2H	BP	Accuracy	4	0.18482490272373542
1000	10	Shared-Y2H	CC	Accuracy	0	0.38591117917304746
1000	10	Shared-Y2H	CC	Accuracy	1	0.39663093415007655
1000	10	Shared-Y2H	CC	Accuracy	2	0.3445635528330781
1000	10	Shared-Y2H	CC	Accuracy	3	0.3445635528330781
1000	10	Shared-Y2H	CC	Accuracy	4	0.3103975535168196
1000	25	Shared-Y2H	MF	Accuracy	0	0.19607843137254902
1000	25	Shared-Y2H	MF	Accuracy	1	0.19887955182072828
1000	25	Shared-Y2H	MF	Accuracy	2	0.15126050420168066
1000	25	Shared-Y2H	MF	Accuracy	3	0.20168067226890757
1000	25	Shared-Y2H	MF	Accuracy	4	0.15789473684210525
1000	25	Shared-Y2H	BP	Accuracy	0	0.20622568093385213
1000	25	Shared-Y2H	BP	Accuracy	1	0.19066147859922178
1000	25	Shared-Y2H	BP	Accuracy	2	0.19455252918287938
1000	25	Shared-Y2H	BP	Accuracy	3	0.2237354085603113
1000	25	Shared-Y2H	BP	Accuracy	4	0.1867704280155642
1000	25	Shared-Y2H	CC	Accuracy	0	0.3981623277182236
1000	25	Shared-Y2H	CC	Accuracy	1	0.445635528330781
1000	25	Shared-Y2H	CC	Accuracy	2	0.4241960183767228
1000	25	Shared-Y2H	CC	Accuracy	3	0.42879019908116384
1000	25	Shared-Y2H	CC	Accuracy	4	0.45565749235474007
1000	30	Shared-Y2H	MF	Accuracy	0	0.16246498599439776
1000	30	Shared-Y2H	MF	Accuracy	1	0.22128851540616246
1000	30	Shared-Y2H	MF	Accuracy	2	0.1792717086834734
1000	30	Shared-Y2H	MF	Accuracy	3	0.14285714285714285
1000	30	Shared-Y2H	MF	Accuracy	4	0.2188365650969529
1000	30	Shared-Y2H	BP	Accuracy	0	0.21595330739299612
1000	30	Shared-Y2H	BP	Accuracy	1	0.22568093385214008
1000	30	Shared-Y2H	BP	Accuracy	2	0.16342412451361868
1000	30	Shared-Y2H	BP	Accuracy	3	0.21011673151750973
1000	30	Shared-Y2H	BP	Accuracy	4	0.2237354085603113
1000	30	Shared-Y2H	CC	Accuracy	0	0.4241960183767228
1000	30	Shared-Y2H	CC	Accuracy	1	0.445635528330781
1000	30	Shared-Y2H	CC	Accuracy	2	0.4686064318529862
1000	30	Shared-Y2H	CC	Accuracy	3	0.42879019908116384
1000	30	Shared-Y2H	CC	Accuracy	4	0.44801223241590216
1000	100	Shared-Y2H	MF	Accuracy	0	0.1876750700280112
1000	100	Shared-Y2H	MF	Accuracy	1	0.19887955182072828
1000	100	Shared-Y2H	MF	Accuracy	2	0.19047619047619047
1000	100	Shared-Y2H	MF	Accuracy	3	0.16526610644257703
1000	100	Shared-Y2H	MF	Accuracy	4	0.21052631578947367
1000	100	Shared-Y2H	BP	Accuracy	0	0.19649805447470817
1000	100	Shared-Y2H	BP	Accuracy	1	0.19066147859922178
1000	100	Shared-Y2H	BP	Accuracy	2	0.2140077821011673
1000	100	Shared-Y2H	BP	Accuracy	3	0.21206225680933852
1000	100	Shared-Y2H	BP	Accuracy	4	0.22762645914396887
1000	100	Shared-Y2H	CC	Accuracy	0	0.46248085758039814
1000	100	Shared-Y2H	CC	Accuracy	1	0.44869831546707506
1000	100	Shared-Y2H	CC	Accuracy	2	0.4869831546707504
1000	100	Shared-Y2H	CC	Accuracy	3	0.4655436447166922
1000	100	Shared-Y2H	CC	Accuracy	4	0.4709480122324159
1000	1000	Shared-Y2H	MF	Accuracy	0	0.18207282913165265
1000	1000	Shared-Y2H	MF	Accuracy	1	0.22408963585434175
1000	1000	Shared-Y2H	MF	Accuracy	2	0.19327731092436976
1000	1000	Shared-Y2H	MF	Accuracy	3	0.17086834733893558
1000	1000	Shared-Y2H	MF	Accuracy	4	0.21052631578947367
1000	1000	Shared-Y2H	BP	Accuracy	0	0.2237354085603113
1000	1000	Shared-Y2H	BP	Accuracy	1	0.21011673151750973
1000	1000	Shared-Y2H	BP	Accuracy	2	0.19455252918287938
1000	1000	Shared-Y2H	BP	Accuracy	3	0.22957198443579765
1000	1000	Shared-Y2H	BP	Accuracy	4	0.19649805447470817
1000	1000	Shared-Y2H	CC	Accuracy	0	0.45329249617151607
1000	1000	Shared-Y2H	CC	Accuracy	1	0.49310872894333846
1000	1000	Shared-Y2H	CC	Accuracy	2	0.4655436447166922
1000	1000	Shared-Y2H	CC	Accuracy	3	0.48238897396630936
1000	1000	Shared-Y2H	CC	Accuracy	4	0.4908256880733945
5	5	Shared-Y2H	MF	F1-max	0	0.1663337358042834
5	5	Shared-Y2H	MF	F1-max	1	0.1989412109856106
5	5	Shared-Y2H	MF	F1-max	2	0.1297084281754696
5	5	Shared-Y2H	MF	F1-max	3	0.16532984797413497
5	5	Shared-Y2H	MF	F1-max	4	0.19695241464780328
5	5	Shared-Y2H	BP	F1-max	0	0.17863139608325124
5	5	Shared-Y2H	BP	F1-max	1	0.16457895587619978
5	5	Shared-Y2H	BP	F1-max	2	0.19875363502661045
5	5	Shared-Y2H	BP	F1-max	3	0.15933187206005903
5	5	Shared-Y2H	BP	F1-max	4	0.18842717011884275
5	5	Shared-Y2H	CC	F1-max	0	0.276556407388054
5	5	Shared-Y2H	CC	F1-max	1	0.2772408780258741
5	5	Shared-Y2H	CC	F1-max	2	0.2789637411787861
5	5	Shared-Y2H	CC	F1-max	3	0.29544487651327317
5	5	Shared-Y2H	CC	F1-max	4	0.2820961085596942
5	10	Shared-Y2H	MF	F1-max	0	0.2544052100429041
5	10	Shared-Y2H	MF	F1-max	1	0.21503147791086927
5	10	Shared-Y2H	MF	F1-max	2	0.1894466380720262
5	10	Shared-Y2H	MF	F1-max	3	0.2264775611959216
5	10	Shared-Y2H	MF	F1-max	4	0.18816694695000763
5	10	Shared-Y2H	BP	F1-max	0	0.22956281446527868
5	10	Shared-Y2H	BP	F1-max	1	0.1879901567722576
5	10	Shared-Y2H	BP	F1-max	2	0.2233008097606864
5	10	Shared-Y2H	BP	F1-max	3	0.19332220477485126
5	10	Shared-Y2H	BP	F1-max	4	0.24693428356341665
5	10	Shared-Y2H	CC	F1-max	0	0.3469373263129596
5	10	Shared-Y2H	CC	F1-max	1	0.3654230129520567
5	10	Shared-Y2H	CC	F1-max	2	0.36219096055411226
5	10	Shared-Y2H	CC	F1-max	3	0.33163717989385816
5	10	Shared-Y2H	CC	F1-max	4	0.3554937320130797
5	25	Shared-Y2H	MF	F1-max	0	0.21418900622799888
5	25	Shared-Y2H	MF	F1-max	1	0.26640342713801923
5	25	Shared-Y2H	MF	F1-max	2	0.2332125409894478
5	25	Shared-Y2H	MF	F1-max	3	0.22934060092079517
5	25	Shared-Y2H	MF	F1-max	4	0.20327472840743419
5	25	Shared-Y2H	BP	F1-max	0	0.21180363028184526
5	25	Shared-Y2H	BP	F1-max	1	0.2369009269999046
5	25	Shared-Y2H	BP	F1-max	2	0.2445399993238967
5	25	Shared-Y2H	BP	F1-max	3	0.23264334135216871
5	25	Shared-Y2H	BP	F1-max	4	0.23246797709320027
5	25	Shared-Y2H	CC	F1-max	0	0.4165578976210177
5	25	Shared-Y2H	CC	F1-max	1	0.3923391873007712
5	25	Shared-Y2H	CC	F1-max	2	0.40549170480453267
5	25	Shared-Y2H	CC	F1-max	3	0.3950017910114897
5	25	Shared-Y2H	CC	F1-max	4	0.3932848294169698
5	30	Shared-Y2H	MF	F1-max	0	0.2564735337300054
5	30	Shared-Y2H	MF	F1-max	1	0.2810291293651648
5	30	Shared-Y2H	MF	F1-max	2	0.23879956752111609
5	30	Shared-Y2H	MF	F1-max	3	0.22739553686507225
5	30	Shared-Y2H	MF	F1-max	4	0.1987011581116953
5	30	Shared-Y2H	BP	F1-max	0	0.23748672956890768
5	30	Shared-Y2H	BP	F1-max	1	0.22718851256691155
5	30	Shared-Y2H	BP	F1-max	2	0.2427790271847174
5	30	Shared-Y2H	BP	F1-max	3	0.23663797784822138
5	30	Shared-Y2H	BP	F1-max	4	0.2540622733476564
5	30	Shared-Y2H	CC	F1-max	0	0.38438952571771384
5	30	Shared-Y2H	CC	F1-max	1	0.39607245775415567
5	30	Shared-Y2H	CC	F1-max	2	0.3913610555748964
5	30	Shared-Y2H	CC	F1-max	3	0.4148246701011825
5	30	Shared-Y2H	CC	F1-max	4	0.4364832231636546
5	100	Shared-Y2H	MF	F1-max	0	0.24858113755012134
5	100	Shared-Y2H	MF	F1-max	1	0.20282598162815305
5	100	Shared-Y2H	MF	F1-max	2	0.29296543508865197
5	100	Shared-Y2H	MF	F1-max	3	0.25964724049607146
5	100	Shared-Y2H	MF	F1-max	4	0.26638370488181595
5	100	Shared-Y2H	BP	F1-max	0	0.2832245478938907
5	100	Shared-Y2H	BP	F1-max	1	0.2162737380042745
5	100	Shared-Y2H	BP	F1-max	2	0.23651054335420096
5	100	Shared-Y2H	BP	F1-max	3	0.24254895684300667
5	100	Shared-Y2H	BP	F1-max	4	0.24136494307472697
5	100	Shared-Y2H	CC	F1-max	0	0.4113499925399465
5	100	Shared-Y2H	CC	F1-max	1	0.4295419886235941
5	100	Shared-Y2H	CC	F1-max	2	0.4267455710647815
5	100	Shared-Y2H	CC	F1-max	3	0.4272504095866676
5	100	Shared-Y2H	CC	F1-max	4	0.40377631629157446
5	1000	Shared-Y2H	MF	F1-max	0	0.2529844561280545
5	1000	Shared-Y2H	MF	F1-max	1	0.24143920090732007
5	1000	Shared-Y2H	MF	F1-max	2	0.2584712281675036
5	1000	Shared-Y2H	MF	F1-max	3	0.22537037837941734
5	1000	Shared-Y2H	MF	F1-max	4	0.2731565134520929
5	1000	Shared-Y2H	BP	F1-max	0	0.24176594533610918
5	1000	Shared-Y2H	BP	F1-max	1	0.22427891114030932
5	1000	Shared-Y2H	BP	F1-max	2	0.24743388391004031
5	1000	Shared-Y2H	BP	F1-max	3	0.24327842825129675
5	1000	Shared-Y2H	BP	F1-max	4	0.2395672488469262
5	1000	Shared-Y2H	CC	F1-max	0	0.41699539853806084
5	1000	Shared-Y2H	CC	F1-max	1	0.42115290808895717
5	1000	Shared-Y2H	CC	F1-max	2	0.41698686007815167
5	1000	Shared-Y2H	CC	F1-max	3	0.4425478355371277
5	1000	Shared-Y2H	CC	F1-max	4	0.4095033906027069
10	5	Shared-Y2H	MF	F1-max	0	0.1434523033864572
10	5	Shared-Y2H	MF	F1-max	1	0.1760701494947992
10	5	Shared-Y2H	MF	F1-max	2	0.17451435217447098
10	5	Shared-Y2H	MF	F1-max	3	0.2047101580407769
10	5	Shared-Y2H	MF	F1-max	4	0.20951859849166432
10	5	Shared-Y2H	BP	F1-max	0	0.16961801950184177
10	5	Shared-Y2H	BP	F1-max	1	0.19339919848759782
10	5	Shared-Y2H	BP	F1-max	2	0.20416712708975068
10	5	Shared-Y2H	BP	F1-max	3	0.21386714855121716
10	5	Shared-Y2H	BP	F1-max	4	0.1982033367758407
10	5	Shared-Y2H	CC	F1-max	0	0.28094846365302173
10	5	Shared-Y2H	CC	F1-max	1	0.29749617634147796
10	5	Shared-Y2H	CC	F1-max	2	0.32916800349193287
10	5	Shared-Y2H	CC	F1-max	3	0.3147488397240739
10	5	Shared-Y2H	CC	F1-max	4	0.3160616525858888
10	10	Shared-Y2H	MF	F1-max	0	0.20780296096449358
10	10	Shared-Y2H	MF	F1-max	1	0.27484942955691166
10	10	Shared-Y2H	MF	F1-max	2	0.21885509747569837
10	10	Shared-Y2H	MF	F1-max	3	0.21678830889196737
10	10	Shared-Y2H	MF	F1-max	4	0.23209438576522876
10	10	Shared-Y2H	BP	F1-max	0	0.2523054008333713
10	10	Shared-Y2H	BP	F1-max	1	0.24848903764005995
10	10	Shared-Y2H	BP	F1-max	2	0.22832237140565295
10	10	Shared-Y2H	BP	F1-max	3	0.2197120526367323
10	10	Shared-Y2H	BP	F1-max	4	0.21804370034797682
10	10	Shared-Y2H	CC	F1-max	0	0.3634065693206225
10	10	Shared-Y2H	CC	F1-max	1	0.3817846416781294
10	10	Shared-Y2H	CC	F1-max	2	0.4013849014104826
10	10	Shared-Y2H	CC	F1-max	3	0.381332876523421
10	10	Shared-Y2H	CC	F1-max	4	0.3930252547076863
10	25	Shared-Y2H	MF	F1-max	0	0.24244271608347132
10	25	Shared-Y2H	MF	F1-max	1	0.2503366978965572
10	25	Shared-Y2H	MF	F1-max	2	0.24027699566218944
10	25	Shared-Y2H	MF	F1-max	3	0.23828662056944924
10	25	Shared-Y2H	MF	F1-max	4	0.254612034113396
10	25	Shared-Y2H	BP	F1-max	0	0.2365140669019003
10	25	Shared-Y2H	BP	F1-max	1	0.25797854503379625
10	25	Shared-Y2H	BP	F1-max	2	0.2491579574294157
10	25	Shared-Y2H	BP	F1-max	3	0.23931269462404345
10	25	Shared-Y2H	BP	F1-max	4	0.24206355906031518
10	25	Shared-Y2H	CC	F1-max	0	0.41984861186432926
10	25	Shared-Y2H	CC	F1-max	1	0.4210774069169437
10	25	Shared-Y2H	CC	F1-max	2	0.475426401596632
10	25	Shared-Y2H	CC	F1-max	3	0.4478074833253429
10	25	Shared-Y2H	CC	F1-max	4	0.4153859582966458
10	30	Shared-Y2H	MF	F1-max	0	0.27361048356881174
10	30	Shared-Y2H	MF	F1-max	1	0.26448198535299433
10	30	Shared-Y2H	MF	F1-max	2	0.2182521062804701
10	30	Shared-Y2H	MF	F1-max	3	0.24006508826402317
10	30	Shared-Y2H	MF	F1-max	4	0.24176792660201388
10	30	Shared-Y2H	BP	F1-max	0	0.2870820500535013
10	30	Shared-Y2H	BP	F1-max	1	0.2351706888944541
10	30	Shared-Y2H	BP	F1-max	2	0.24508437407770056
10	30	Shared-Y2H	BP	F1-max	3	0.24177625692491145
10	30	Shared-Y2H	BP	F1-max	4	0.2575511099719619
10	30	Shared-Y2H	CC	F1-max	0	0.4570103079377093
10	30	Shared-Y2H	CC	F1-max	1	0.4381054520056537
10	30	Shared-Y2H	CC	F1-max	2	0.4199899360413337
10	30	Shared-Y2H	CC	F1-max	3	0.4350647673661834
10	30	Shared-Y2H	CC	F1-max	4	0.4367095406297643
10	100	Shared-Y2H	MF	F1-max	0	0.2658306130736133
10	100	Shared-Y2H	MF	F1-max	1	0.25367730929295706
10	100	Shared-Y2H	MF	F1-max	2	0.25595398604666597
10	100	Shared-Y2H	MF	F1-max	3	0.291204639024299
10	100	Shared-Y2H	MF	F1-max	4	0.25164297765882976
10	100	Shared-Y2H	BP	F1-max	0	0.2451587195753314
10	100	Shared-Y2H	BP	F1-max	1	0.267518664102104
10	100	Shared-Y2H	BP	F1-max	2	0.2531368186986928
10	100	Shared-Y2H	BP	F1-max	3	0.24719980107916842
10	100	Shared-Y2H	BP	F1-max	4	0.25742329251337215
10	100	Shared-Y2H	CC	F1-max	0	0.4328947617200894
10	100	Shared-Y2H	CC	F1-max	1	0.44625734817412666
10	100	Shared-Y2H	CC	F1-max	2	0.4566620779673606
10	100	Shared-Y2H	CC	F1-max	3	0.4394680797294057
10	100	Shared-Y2H	CC	F1-max	4	0.45440221230269995
10	1000	Shared-Y2H	MF	F1-max	0	0.25355778613833047
10	1000	Shared-Y2H	MF	F1-max	1	0.2877728442355916
10	1000	Shared-Y2H	MF	F1-max	2	0.30387401659258667
10	1000	Shared-Y2H	MF	F1-max	3	0.2615174986124036
10	1000	Shared-Y2H	MF	F1-max	4	0.25414055937578556
10	1000	Shared-Y2H	BP	F1-max	0	0.229157042358665
10	1000	Shared-Y2H	BP	F1-max	1	0.26308113771224767
10	1000	Shared-Y2H	BP	F1-max	2	0.23703455840498278
10	1000	Shared-Y2H	BP	F1-max	3	0.25468345082464905
10	1000	Shared-Y2H	BP	F1-max	4	0.2621758277374942
10	1000	Shared-Y2H	CC	F1-max	0	0.44283250337706004
10	1000	Shared-Y2H	CC	F1-max	1	0.4439632757043338
10	1000	Shared-Y2H	CC	F1-max	2	0.4674220110325717
10	1000	Shared-Y2H	CC	F1-max	3	0.4654663230378789
10	1000	Shared-Y2H	CC	F1-max	4	0.43601390295420944
25	5	Shared-Y2H	MF	F1-max	0	0.22932007641991234
25	5	Shared-Y2H	MF	F1-max	1	0.1904485040866345
25	5	Shared-Y2H	MF	F1-max	2	0.1790002799623323
25	5	Shared-Y2H	MF	F1-max	3	0.19579362318840582
25	5	Shared-Y2H	MF	F1-max	4	0.14175505301908864
25	5	Shared-Y2H	BP	F1-max	0	0.17852665293580192
25	5	Shared-Y2H	BP	F1-max	1	0.22622198386675318
25	5	Shared-Y2H	BP	F1-max	2	0.1955330769917408
25	5	Shared-Y2H	BP	F1-max	3	0.2013211630394067
25	5	Shared-Y2H	BP	F1-max	4	0.19892849974082794
25	5	Shared-Y2H	CC	F1-max	0	0.3649627205125948
25	5	Shared-Y2H	CC	F1-max	1	0.3181807650121269
25	5	Shared-Y2H	CC	F1-max	2	0.3287855236272144
25	5	Shared-Y2H	CC	F1-max	3	0.31392357706916835
25	5	Shared-Y2H	CC	F1-max	4	0.3147427969554954
25	10	Shared-Y2H	MF	F1-max	0	0.2271520829153334
25	10	Shared-Y2H	MF	F1-max	1	0.24899767330917982
25	10	Shared-Y2H	MF	F1-max	2	0.21230331127640722
25	10	Shared-Y2H	MF	F1-max	3	0.24452076828632016
25	10	Shared-Y2H	MF	F1-max	4	0.2668046690784723
25	10	Shared-Y2H	BP	F1-max	0	0.22868962360818326
25	10	Shared-Y2H	BP	F1-max	1	0.23501753204720008
25	10	Shared-Y2H	BP	F1-max	2	0.24304702157600863
25	10	Shared-Y2H	BP	F1-max	3	0.23809239865140758
25	10	Shared-Y2H	BP	F1-max	4	0.2328701221422086
25	10	Shared-Y2H	CC	F1-max	0	0.40761024160056675
25	10	Shared-Y2H	CC	F1-max	1	0.3997794758330057
25	10	Shared-Y2H	CC	F1-max	2	0.414522068474558
25	10	Shared-Y2H	CC	F1-max	3	0.4060751477604896
25	10	Shared-Y2H	CC	F1-max	4	0.4028890230588363
25	25	Shared-Y2H	MF	F1-max	0	0.2722766768514644
25	25	Shared-Y2H	MF	F1-max	1	0.26227401570760883
25	25	Shared-Y2H	MF	F1-max	2	0.28437228325654285
25	25	Shared-Y2H	MF	F1-max	3	0.24675188059084885
25	25	Shared-Y2H	MF	F1-max	4	0.27382130644443414
25	25	Shared-Y2H	BP	F1-max	0	0.2679825304186524
25	25	Shared-Y2H	BP	F1-max	1	0.2511768318292985
25	25	Shared-Y2H	BP	F1-max	2	0.24091210516307374
25	25	Shared-Y2H	BP	F1-max	3	0.28188925689160244
25	25	Shared-Y2H	BP	F1-max	4	0.25111841223372117
25	25	Shared-Y2H	CC	F1-max	0	0.4629284727533495
25	25	Shared-Y2H	CC	F1-max	1	0.4338488816642835
25	25	Shared-Y2H	CC	F1-max	2	0.43819602246551886
25	25	Shared-Y2H	CC	F1-max	3	0.4399904915399563
25	25	Shared-Y2H	CC	F1-max	4	0.4582034272370986
25	30	Shared-Y2H	MF	F1-max	0	0.2690676532599679
25	30	Shared-Y2H	MF	F1-max	1	0.2639544448300929
25	30	Shared-Y2H	MF	F1-max	2	0.280273700603789
25	30	Shared-Y2H	MF	F1-max	3	0.2743514314491519
25	30	Shared-Y2H	MF	F1-max	4	0.26819068985971
25	30	Shared-Y2H	BP	F1-max	0	0.261354683087086
25	30	Shared-Y2H	BP	F1-max	1	0.24952603308342122
25	30	Shared-Y2H	BP	F1-max	2	0.27080064230755335
25	30	Shared-Y2H	BP	F1-max	3	0.2655542671342735
25	30	Shared-Y2H	BP	F1-max	4	0.25878055606179395
25	30	Shared-Y2H	CC	F1-max	0	0.47037197367215383
25	30	Shared-Y2H	CC	F1-max	1	0.4384827053363751
25	30	Shared-Y2H	CC	F1-max	2	0.4351290875853314
25	30	Shared-Y2H	CC	F1-max	3	0.4416439684102149
25	30	Shared-Y2H	CC	F1-max	4	0.44012152100806445
25	100	Shared-Y2H	MF	F1-max	0	0.246187495789688
25	100	Shared-Y2H	MF	F1-max	1	0.2387058387663769
25	100	Shared-Y2H	MF	F1-max	2	0.24492049461212564
25	100	Shared-Y2H	MF	F1-max	3	0.29774610078063724
25	100	Shared-Y2H	MF	F1-max	4	0.29261691443142357
25	100	Shared-Y2H	BP	F1-max	0	0.23081638410614963
25	100	Shared-Y2H	BP	F1-max	1	0.2546055412299201
25	100	Shared-Y2H	BP	F1-max	2	0.2567609789941425
25	100	Shared-Y2H	BP	F1-max	3	0.25542718016566296
25	100	Shared-Y2H	BP	F1-max	4	0.25424488734798606
25	100	Shared-Y2H	CC	F1-max	0	0.47146021955883816
25	100	Shared-Y2H	CC	F1-max	1	0.47078859282901386
25	100	Shared-Y2H	CC	F1-max	2	0.4674285917387251
25	100	Shared-Y2H	CC	F1-max	3	0.4528543333753105
25	100	Shared-Y2H	CC	F1-max	4	0.4533645250788457
25	1000	Shared-Y2H	MF	F1-max	0	0.259015511509409
25	1000	Shared-Y2H	MF	F1-max	1	0.2614466329504411
25	1000	Shared-Y2H	MF	F1-max	2	0.2712535841752668
25	1000	Shared-Y2H	MF	F1-max	3	0.2977076723202626
25	1000	Shared-Y2H	MF	F1-max	4	0.3011290819232109
25	1000	Shared-Y2H	BP	F1-max	0	0.22973882677626517
25	1000	Shared-Y2H	BP	F1-max	1	0.2679378380543076
25	1000	Shared-Y2H	BP	F1-max	2	0.2565296617432357
25	1000	Shared-Y2H	BP	F1-max	3	0.2599304615195678
25	1000	Shared-Y2H	BP	F1-max	4	0.24171179841784377
25	1000	Shared-Y2H	CC	F1-max	0	0.46178055079622676
25	1000	Shared-Y2H	CC	F1-max	1	0.46280386636944015
25	1000	Shared-Y2H	CC	F1-max	2	0.47971173054924227
25	1000	Shared-Y2H	CC	F1-max	3	0.4724597449888008
25	1000	Shared-Y2H	CC	F1-max	4	0.4338633679123735
50	5	Shared-Y2H	MF	F1-max	0	0.20048101535517024
50	5	Shared-Y2H	MF	F1-max	1	0.19323935715667373
50	5	Shared-Y2H	MF	F1-max	2	0.18598306020152638
50	5	Shared-Y2H	MF	F1-max	3	0.1972871592662438
50	5	Shared-Y2H	MF	F1-max	4	0.1852919309604924
50	5	Shared-Y2H	BP	F1-max	0	0.20424993552643084
50	5	Shared-Y2H	BP	F1-max	1	0.21157083154094256
50	5	Shared-Y2H	BP	F1-max	2	0.19257550555868963
50	5	Shared-Y2H	BP	F1-max	3	0.17068520153104336
50	5	Shared-Y2H	BP	F1-max	4	0.20169476892370078
50	5	Shared-Y2H	CC	F1-max	0	0.3535493397832878
50	5	Shared-Y2H	CC	F1-max	1	0.33754144414408405
50	5	Shared-Y2H	CC	F1-max	2	0.28915305263174923
50	5	Shared-Y2H	CC	F1-max	3	0.3248694294030274
50	5	Shared-Y2H	CC	F1-max	4	0.3218038337703494
50	10	Shared-Y2H	MF	F1-max	0	0.21526678059357912
50	10	Shared-Y2H	MF	F1-max	1	0.23912383894327868
50	10	Shared-Y2H	MF	F1-max	2	0.2574989764919834
50	10	Shared-Y2H	MF	F1-max	3	0.25962941657284544
50	10	Shared-Y2H	MF	F1-max	4	0.23629205992627297
50	10	Shared-Y2H	BP	F1-max	0	0.24815402012213272
50	10	Shared-Y2H	BP	F1-max	1	0.22565472723115648
50	10	Shared-Y2H	BP	F1-max	2	0.2462822194999674
50	10	Shared-Y2H	BP	F1-max	3	0.24901267418614434
50	10	Shared-Y2H	BP	F1-max	4	0.2521630951494849
50	10	Shared-Y2H	CC	F1-max	0	0.4163529950694624
50	10	Shared-Y2H	CC	F1-max	1	0.4146094951181023
50	10	Shared-Y2H	CC	F1-max	2	0.37412297076668466
50	10	Shared-Y2H	CC	F1-max	3	0.384074669488938
50	10	Shared-Y2H	CC	F1-max	4	0.42367966561036996
50	25	Shared-Y2H	MF	F1-max	0	0.2569845105898218
50	25	Shared-Y2H	MF	F1-max	1	0.25636183893571585
50	25	Shared-Y2H	MF	F1-max	2	0.24403167431745523
50	25	Shared-Y2H	MF	F1-max	3	0.27646594788694445
50	25	Shared-Y2H	MF	F1-max	4	0.264385476528028
50	25	Shared-Y2H	BP	F1-max	0	0.2471485098345639
50	25	Shared-Y2H	BP	F1-max	1	0.26592184296263405
50	25	Shared-Y2H	BP	F1-max	2	0.2499051317614717
50	25	Shared-Y2H	BP	F1-max	3	0.26976963602268694
50	25	Shared-Y2H	BP	F1-max	4	0.2630255137910331
50	25	Shared-Y2H	CC	F1-max	0	0.4485980056719807
50	25	Shared-Y2H	CC	F1-max	1	0.41635513453883216
50	25	Shared-Y2H	CC	F1-max	2	0.45547544486931973
50	25	Shared-Y2H	CC	F1-max	3	0.451119069152644
50	25	Shared-Y2H	CC	F1-max	4	0.45682004074668736
50	30	Shared-Y2H	MF	F1-max	0	0.2998834188117483
50	30	Shared-Y2H	MF	F1-max	1	0.23731734291186585
50	30	Shared-Y2H	MF	F1-max	2	0.25645288781484243
50	30	Shared-Y2H	MF	F1-max	3	0.2653732890529253
50	30	Shared-Y2H	MF	F1-max	4	0.26543144692375104
50	30	Shared-Y2H	BP	F1-max	0	0.28264073961812186
50	30	Shared-Y2H	BP	F1-max	1	0.2649700150580652
50	30	Shared-Y2H	BP	F1-max	2	0.23133494256886764
50	30	Shared-Y2H	BP	F1-max	3	0.2548704601514687
50	30	Shared-Y2H	BP	F1-max	4	0.27351913231979963
50	30	Shared-Y2H	CC	F1-max	0	0.4540612350346674
50	30	Shared-Y2H	CC	F1-max	1	0.4498544651667058
50	30	Shared-Y2H	CC	F1-max	2	0.4321117266594128
50	30	Shared-Y2H	CC	F1-max	3	0.47830511051765473
50	30	Shared-Y2H	CC	F1-max	4	0.43049102041472076
50	100	Shared-Y2H	MF	F1-max	0	0.2803108295469172
50	100	Shared-Y2H	MF	F1-max	1	0.24665928930718078
50	100	Shared-Y2H	MF	F1-max	2	0.29911554522426026
50	100	Shared-Y2H	MF	F1-max	3	0.30047506542255964
50	100	Shared-Y2H	MF	F1-max	4	0.25117654171086456
50	100	Shared-Y2H	BP	F1-max	0	0.2578846900952146
50	100	Shared-Y2H	BP	F1-max	1	0.28331924688655097
50	100	Shared-Y2H	BP	F1-max	2	0.26161585263342907
50	100	Shared-Y2H	BP	F1-max	3	0.2433942592261641
50	100	Shared-Y2H	BP	F1-max	4	0.23905163184017136
50	100	Shared-Y2H	CC	F1-max	0	0.47405694517547153
50	100	Shared-Y2H	CC	F1-max	1	0.47938026642281545
50	100	Shared-Y2H	CC	F1-max	2	0.4500058943884509
50	100	Shared-Y2H	CC	F1-max	3	0.4692588361715114
50	100	Shared-Y2H	CC	F1-max	4	0.4430348720666699
50	1000	Shared-Y2H	MF	F1-max	0	0.2673233615165299
50	1000	Shared-Y2H	MF	F1-max	1	0.2902403116110715
50	1000	Shared-Y2H	MF	F1-max	2	0.2640377600471571
50	1000	Shared-Y2H	MF	F1-max	3	0.3060809205505933
50	1000	Shared-Y2H	MF	F1-max	4	0.2609405988312741
50	1000	Shared-Y2H	BP	F1-max	0	0.26042916592220194
50	1000	Shared-Y2H	BP	F1-max	1	0.2581762637755466
50	1000	Shared-Y2H	BP	F1-max	2	0.2333098078898168
50	1000	Shared-Y2H	BP	F1-max	3	0.22968580850332407
50	1000	Shared-Y2H	BP	F1-max	4	0.24297043588841105
50	1000	Shared-Y2H	CC	F1-max	0	0.46004420403973073
50	1000	Shared-Y2H	CC	F1-max	1	0.47022066242629723
50	1000	Shared-Y2H	CC	F1-max	2	0.4525276478530438
50	1000	Shared-Y2H	CC	F1-max	3	0.4483170508064085
50	1000	Shared-Y2H	CC	F1-max	4	0.45460444167001957
100	5	Shared-Y2H	MF	F1-max	0	0.18703924377571
100	5	Shared-Y2H	MF	F1-max	1	0.194350596187744
100	5	Shared-Y2H	MF	F1-max	2	0.19843034556013905
100	5	Shared-Y2H	MF	F1-max	3	0.19701599947293472
100	5	Shared-Y2H	MF	F1-max	4	0.1802775459502826
100	5	Shared-Y2H	BP	F1-max	0	0.1961680611607081
100	5	Shared-Y2H	BP	F1-max	1	0.20611752804843528
100	5	Shared-Y2H	BP	F1-max	2	0.21239780291238827
100	5	Shared-Y2H	BP	F1-max	3	0.19618693927334616
100	5	Shared-Y2H	BP	F1-max	4	0.180806557296244
100	5	Shared-Y2H	CC	F1-max	0	0.3326218328039584
100	5	Shared-Y2H	CC	F1-max	1	0.31859103011422657
100	5	Shared-Y2H	CC	F1-max	2	0.3303317165051486
100	5	Shared-Y2H	CC	F1-max	3	0.3320538210996024
100	5	Shared-Y2H	CC	F1-max	4	0.3469233030892328
100	10	Shared-Y2H	MF	F1-max	0	0.24620317780367026
100	10	Shared-Y2H	MF	F1-max	1	0.22136053776259654
100	10	Shared-Y2H	MF	F1-max	2	0.2518009652521598
100	10	Shared-Y2H	MF	F1-max	3	0.24052161829101765
100	10	Shared-Y2H	MF	F1-max	4	0.2082142762029448
100	10	Shared-Y2H	BP	F1-max	0	0.2533986771623968
100	10	Shared-Y2H	BP	F1-max	1	0.24941076092628978
100	10	Shared-Y2H	BP	F1-max	2	0.25285677864029826
100	10	Shared-Y2H	BP	F1-max	3	0.23581704698202569
100	10	Shared-Y2H	BP	F1-max	4	0.21743959778280827
100	10	Shared-Y2H	CC	F1-max	0	0.40396832938678356
100	10	Shared-Y2H	CC	F1-max	1	0.41410900311316856
100	10	Shared-Y2H	CC	F1-max	2	0.415984720041811
100	10	Shared-Y2H	CC	F1-max	3	0.4031945719141446
100	10	Shared-Y2H	CC	F1-max	4	0.38934681059757553
100	25	Shared-Y2H	MF	F1-max	0	0.2731482630414566
100	25	Shared-Y2H	MF	F1-max	1	0.2873192267957367
100	25	Shared-Y2H	MF	F1-max	2	0.25368006016542965
100	25	Shared-Y2H	MF	F1-max	3	0.2730632913383366
100	25	Shared-Y2H	MF	F1-max	4	0.262447253131148
100	25	Shared-Y2H	BP	F1-max	0	0.25821615199067194
100	25	Shared-Y2H	BP	F1-max	1	0.2630407579132896
100	25	Shared-Y2H	BP	F1-max	2	0.2557771494717793
100	25	Shared-Y2H	BP	F1-max	3	0.23981994157513553
100	25	Shared-Y2H	BP	F1-max	4	0.2609842854593149
100	25	Shared-Y2H	CC	F1-max	0	0.44586204353300607
100	25	Shared-Y2H	CC	F1-max	1	0.45542333300818094
100	25	Shared-Y2H	CC	F1-max	2	0.4314950877380448
100	25	Shared-Y2H	CC	F1-max	3	0.4525029350537809
100	25	Shared-Y2H	CC	F1-max	4	0.4595004858519503
100	30	Shared-Y2H	MF	F1-max	0	0.27357367457292825
100	30	Shared-Y2H	MF	F1-max	1	0.2914751009392398
100	30	Shared-Y2H	MF	F1-max	2	0.2426849563002856
100	30	Shared-Y2H	MF	F1-max	3	0.27137680730459307
100	30	Shared-Y2H	MF	F1-max	4	0.2904750371640967
100	30	Shared-Y2H	BP	F1-max	0	0.27926971607208956
100	30	Shared-Y2H	BP	F1-max	1	0.2608429910519995
100	30	Shared-Y2H	BP	F1-max	2	0.25814368520929665
100	30	Shared-Y2H	BP	F1-max	3	0.25096417887027483
100	30	Shared-Y2H	BP	F1-max	4	0.2536178164434064
100	30	Shared-Y2H	CC	F1-max	0	0.4531022889825374
100	30	Shared-Y2H	CC	F1-max	1	0.474944507986266
100	30	Shared-Y2H	CC	F1-max	2	0.4402998550790029
100	30	Shared-Y2H	CC	F1-max	3	0.46034659565034053
100	30	Shared-Y2H	CC	F1-max	4	0.45081205592347673
100	100	Shared-Y2H	MF	F1-max	0	0.27750259869286265
100	100	Shared-Y2H	MF	F1-max	1	0.28260440003948656
100	100	Shared-Y2H	MF	F1-max	2	0.2653569230291575
100	100	Shared-Y2H	MF	F1-max	3	0.2587349128711798
100	100	Shared-Y2H	MF	F1-max	4	0.2511078588557733
100	100	Shared-Y2H	BP	F1-max	0	0.24498080628567406
100	100	Shared-Y2H	BP	F1-max	1	0.2576961577917696
100	100	Shared-Y2H	BP	F1-max	2	0.2811434595448043
100	100	Shared-Y2H	BP	F1-max	3	0.24938895353429022
100	100	Shared-Y2H	BP	F1-max	4	0.25970875675879573
100	100	Shared-Y2H	CC	F1-max	0	0.4689304147131813
100	100	Shared-Y2H	CC	F1-max	1	0.4728263230661057
100	100	Shared-Y2H	CC	F1-max	2	0.48264586490154743
100	100	Shared-Y2H	CC	F1-max	3	0.45262717051569484
100	100	Shared-Y2H	CC	F1-max	4	0.47076686545853785
100	1000	Shared-Y2H	MF	F1-max	0	0.3003883743255365
100	1000	Shared-Y2H	MF	F1-max	1	0.26790723520291104
100	1000	Shared-Y2H	MF	F1-max	2	0.2589714304909065
100	1000	Shared-Y2H	MF	F1-max	3	0.2933121196574224
100	1000	Shared-Y2H	MF	F1-max	4	0.2731283463534806
100	1000	Shared-Y2H	BP	F1-max	0	0.24105349501253603
100	1000	Shared-Y2H	BP	F1-max	1	0.24747837162334713
100	1000	Shared-Y2H	BP	F1-max	2	0.251067315721504
100	1000	Shared-Y2H	BP	F1-max	3	0.23592952165928824
100	1000	Shared-Y2H	BP	F1-max	4	0.2650689554097696
100	1000	Shared-Y2H	CC	F1-max	0	0.4727092753045893
100	1000	Shared-Y2H	CC	F1-max	1	0.45112530710325477
100	1000	Shared-Y2H	CC	F1-max	2	0.46536616599041497
100	1000	Shared-Y2H	CC	F1-max	3	0.46818882300169173
100	1000	Shared-Y2H	CC	F1-max	4	0.4619688380133705
1000	5	Shared-Y2H	MF	F1-max	0	0.18943034131588632
1000	5	Shared-Y2H	MF	F1-max	1	0.20893412688740481
1000	5	Shared-Y2H	MF	F1-max	2	0.17152691046793433
1000	5	Shared-Y2H	MF	F1-max	3	0.2191738542412033
1000	5	Shared-Y2H	MF	F1-max	4	0.16374951213652097
1000	5	Shared-Y2H	BP	F1-max	0	0.1955978769018046
1000	5	Shared-Y2H	BP	F1-max	1	0.19524287651127764
1000	5	Shared-Y2H	BP	F1-max	2	0.17059672739820983
1000	5	Shared-Y2H	BP	F1-max	3	0.2093773463905319
1000	5	Shared-Y2H	BP	F1-max	4	0.21305777644871163
1000	5	Shared-Y2H	CC	F1-max	0	0.3133180790116763
1000	5	Shared-Y2H	CC	F1-max	1	0.342618908633604
1000	5	Shared-Y2H	CC	F1-max	2	0.3419967787799382
1000	5	Shared-Y2H	CC	F1-max	3	0.3085898827407317
1000	5	Shared-Y2H	CC	F1-max	4	0.3198360851240824
1000	10	Shared-Y2H	MF	F1-max	0	0.2305963794154973
1000	10	Shared-Y2H	MF	F1-max	1	0.24406374209970455
1000	10	Shared-Y2H	MF	F1-max	2	0.2287884148150208
1000	10	Shared-Y2H	MF	F1-max	3	0.232441032451924
1000	10	Shared-Y2H	MF	F1-max	4	0.25718321946050093
1000	10	Shared-Y2H	BP	F1-max	0	0.25332404576368234
1000	10	Shared-Y2H	BP	F1-max	1	0.24303329199355708
1000	10	Shared-Y2H	BP	F1-max	2	0.248015582819786
1000	10	Shared-Y2H	BP	F1-max	3	0.23481306811143418
1000	10	Shared-Y2H	BP	F1-max	4	0.23529416567457692
1000	10	Shared-Y2H	CC	F1-max	0	0.3870108432498988
1000	10	Shared-Y2H	CC	F1-max	1	0.3848709448070208
1000	10	Shared-Y2H	CC	F1-max	2	0.4060768272903402
1000	10	Shared-Y2H	CC	F1-max	3	0.4254730752352556
1000	10	Shared-Y2H	CC	F1-max	4	0.44022511993125024
1000	25	Shared-Y2H	MF	F1-max	0	0.25216503637123727
1000	25	Shared-Y2H	MF	F1-max	1	0.2708345871239104
1000	25	Shared-Y2H	MF	F1-max	2	0.2470034739181835
1000	25	Shared-Y2H	MF	F1-max	3	0.23879666943669056
1000	25	Shared-Y2H	MF	F1-max	4	0.2780194993508109
1000	25	Shared-Y2H	BP	F1-max	0	0.26036643401570303
1000	25	Shared-Y2H	BP	F1-max	1	0.24924146415834122
1000	25	Shared-Y2H	BP	F1-max	2	0.2485679042375658
1000	25	Shared-Y2H	BP	F1-max	3	0.25614096404048786
1000	25	Shared-Y2H	BP	F1-max	4	0.2677140716913808
1000	25	Shared-Y2H	CC	F1-max	0	0.4378806634720729
1000	25	Shared-Y2H	CC	F1-max	1	0.46031552720121516
1000	25	Shared-Y2H	CC	F1-max	2	0.4561643262972085
1000	25	Shared-Y2H	CC	F1-max	3	0.45239936700616334
1000	25	Shared-Y2H	CC	F1-max	4	0.44127592251597936
1000	30	Shared-Y2H	MF	F1-max	0	0.28067941247611206
1000	30	Shared-Y2H	MF	F1-max	1	0.276310885822359
1000	30	Shared-Y2H	MF	F1-max	2	0.2539275900255717
1000	30	Shared-Y2H	MF	F1-max	3	0.22586522311884075
1000	30	Shared-Y2H	MF	F1-max	4	0.26717720207304474
1000	30	Shared-Y2H	BP	F1-max	0	0.24706539310334583
1000	30	Shared-Y2H	BP	F1-max	1	0.24416803931092376
1000	30	Shared-Y2H	BP	F1-max	2	0.25142417325609234
1000	30	Shared-Y2H	BP	F1-max	3	0.2588480734470062
1000	30	Shared-Y2H	BP	F1-max	4	0.2850431380277151
1000	30	Shared-Y2H	CC	F1-max	0	0.46421044256630334
1000	30	Shared-Y2H	CC	F1-max	1	0.4752716726579117
1000	30	Shared-Y2H	CC	F1-max	2	0.4393288719873174
1000	30	Shared-Y2H	CC	F1-max	3	0.4476743640725247
1000	30	Shared-Y2H	CC	F1-max	4	0.4537170171891635
1000	100	Shared-Y2H	MF	F1-max	0	0.2735480714126047
1000	100	Shared-Y2H	MF	F1-max	1	0.2788981931757855
1000	100	Shared-Y2H	MF	F1-max	2	0.2652441306997837
1000	100	Shared-Y2H	MF	F1-max	3	0.28292682157871046
1000	100	Shared-Y2H	MF	F1-max	4	0.26874774816407027
1000	100	Shared-Y2H	BP	F1-max	0	0.2512479732679148
1000	100	Shared-Y2H	BP	F1-max	1	0.2468974784149346
1000	100	Shared-Y2H	BP	F1-max	2	0.2579295845543311
1000	100	Shared-Y2H	BP	F1-max	3	0.2590350084696547
1000	100	Shared-Y2H	BP	F1-max	4	0.24035459437181278
1000	100	Shared-Y2H	CC	F1-max	0	0.4805854546647087
1000	100	Shared-Y2H	CC	F1-max	1	0.46215920599587534
1000	100	Shared-Y2H	CC	F1-max	2	0.4838217266641696
1000	100	Shared-Y2H	CC	F1-max	3	0.46483904864437714
1000	100	Shared-Y2H	CC	F1-max	4	0.45150020711565586
1000	1000	Shared-Y2H	MF	F1-max	0	0.2793423135624517
1000	1000	Shared-Y2H	MF	F1-max	1	0.28506449381778864
1000	1000	Shared-Y2H	MF	F1-max	2	0.27405106927446027
1000	1000	Shared-Y2H	MF	F1-max	3	0.2646668559013469
1000	1000	Shared-Y2H	MF	F1-max	4	0.27943166788544244
1000	1000	Shared-Y2H	BP	F1-max	0	0.2633392235823232
1000	1000	Shared-Y2H	BP	F1-max	1	0.27296073103497703
1000	1000	Shared-Y2H	BP	F1-max	2	0.24351503564178162
1000	1000	Shared-Y2H	BP	F1-max	3	0.22891571398358554
1000	1000	Shared-Y2H	BP	F1-max	4	0.24856524500640242
1000	1000	Shared-Y2H	CC	F1-max	0	0.48425801152045145
1000	1000	Shared-Y2H	CC	F1-max	1	0.4736174950146115
1000	1000	Shared-Y2H	CC	F1-max	2	0.46267582414763025
1000	1000	Shared-Y2H	CC	F1-max	3	0.46139932866409034
1000	1000	Shared-Y2H	CC	F1-max	4	0.45523544859675635
5	5	Shared-CoIP	MF	F1-max	0	0.14748316768194933
5	5	Shared-CoIP	MF	F1-max	1	0.17929245574339306
5	5	Shared-CoIP	MF	F1-max	2	0.15533205619412516
5	5	Shared-CoIP	MF	F1-max	3	0.1316178473596367
5	5	Shared-CoIP	MF	F1-max	4	0.12600636955274666
5	5	Shared-CoIP	BP	F1-max	0	0.14821059656556604
5	5	Shared-CoIP	BP	F1-max	1	0.172391424507488
5	5	Shared-CoIP	BP	F1-max	2	0.13992843879476313
5	5	Shared-CoIP	BP	F1-max	3	0.16207726526525607
5	5	Shared-CoIP	BP	F1-max	4	0.1585320776368024
5	5	Shared-CoIP	CC	F1-max	0	0.26155830042792244
5	5	Shared-CoIP	CC	F1-max	1	0.2277931983179827
5	5	Shared-CoIP	CC	F1-max	2	0.2693954423715578
5	5	Shared-CoIP	CC	F1-max	3	0.244571019777648
5	5	Shared-CoIP	CC	F1-max	4	0.2417378544355605
5	10	Shared-CoIP	MF	F1-max	0	0.1995672248909475
5	10	Shared-CoIP	MF	F1-max	1	0.1926474981467071
5	10	Shared-CoIP	MF	F1-max	2	0.1974924841175459
5	10	Shared-CoIP	MF	F1-max	3	0.19925093351075307
5	10	Shared-CoIP	MF	F1-max	4	0.21229035565130297
5	10	Shared-CoIP	BP	F1-max	0	0.2180877177002539
5	10	Shared-CoIP	BP	F1-max	1	0.20054736234572296
5	10	Shared-CoIP	BP	F1-max	2	0.20575648801057927
5	10	Shared-CoIP	BP	F1-max	3	0.2655454202007473
5	10	Shared-CoIP	BP	F1-max	4	0.21948696117807504
5	10	Shared-CoIP	CC	F1-max	0	0.30537863322893366
5	10	Shared-CoIP	CC	F1-max	1	0.3259906425201922
5	10	Shared-CoIP	CC	F1-max	2	0.36479192016397105
5	10	Shared-CoIP	CC	F1-max	3	0.3747776374508974
5	10	Shared-CoIP	CC	F1-max	4	0.3533473770200407
5	25	Shared-CoIP	MF	F1-max	0	0.2554060182642539
5	25	Shared-CoIP	MF	F1-max	1	0.22859307315966174
5	25	Shared-CoIP	MF	F1-max	2	0.24449570772547896
5	25	Shared-CoIP	MF	F1-max	3	0.2032585417116419
5	25	Shared-CoIP	MF	F1-max	4	0.2673798298986407
5	25	Shared-CoIP	BP	F1-max	0	0.2673654191584234
5	25	Shared-CoIP	BP	F1-max	1	0.27739914901049734
5	25	Shared-CoIP	BP	F1-max	2	0.2561428918267869
5	25	Shared-CoIP	BP	F1-max	3	0.231484283042608
5	25	Shared-CoIP	BP	F1-max	4	0.28736509841698893
5	25	Shared-CoIP	CC	F1-max	0	0.4036725317952683
5	25	Shared-CoIP	CC	F1-max	1	0.40792150905935154
5	25	Shared-CoIP	CC	F1-max	2	0.41803310182784614
5	25	Shared-CoIP	CC	F1-max	3	0.4199917697163073
5	25	Shared-CoIP	CC	F1-max	4	0.43599910438399775
5	30	Shared-CoIP	MF	F1-max	0	0.2483132449018798
5	30	Shared-CoIP	MF	F1-max	1	0.2404537832380822
5	30	Shared-CoIP	MF	F1-max	2	0.26703602089935274
5	30	Shared-CoIP	MF	F1-max	3	0.2584641776001226
5	30	Shared-CoIP	MF	F1-max	4	0.21362310421507633
5	30	Shared-CoIP	BP	F1-max	0	0.27910358894422677
5	30	Shared-CoIP	BP	F1-max	1	0.2740052728324526
5	30	Shared-CoIP	BP	F1-max	2	0.2896925822515817
5	30	Shared-CoIP	BP	F1-max	3	0.242832035212353
5	30	Shared-CoIP	BP	F1-max	4	0.29168822480396717
5	30	Shared-CoIP	CC	F1-max	0	0.41020855844260634
5	30	Shared-CoIP	CC	F1-max	1	0.44010310562688276
5	30	Shared-CoIP	CC	F1-max	2	0.3949227077761678
5	30	Shared-CoIP	CC	F1-max	3	0.44207854424773396
5	30	Shared-CoIP	CC	F1-max	4	0.42311530264681824
5	100	Shared-CoIP	MF	F1-max	0	0.24514715695718334
5	100	Shared-CoIP	MF	F1-max	1	0.2749865312085593
5	100	Shared-CoIP	MF	F1-max	2	0.24924221332230964
5	100	Shared-CoIP	MF	F1-max	3	0.2342835399801788
5	100	Shared-CoIP	MF	F1-max	4	0.2572216088457014
5	100	Shared-CoIP	BP	F1-max	0	0.28615755857535685
5	100	Shared-CoIP	BP	F1-max	1	0.2594131330447651
5	100	Shared-CoIP	BP	F1-max	2	0.2515990344360347
5	100	Shared-CoIP	BP	F1-max	3	0.30350969991731075
5	100	Shared-CoIP	BP	F1-max	4	0.278488810441084
5	100	Shared-CoIP	CC	F1-max	0	0.43396083174191247
5	100	Shared-CoIP	CC	F1-max	1	0.4554054464598102
5	100	Shared-CoIP	CC	F1-max	2	0.45542076551479854
5	100	Shared-CoIP	CC	F1-max	3	0.44436231990036806
5	100	Shared-CoIP	CC	F1-max	4	0.42770326647721063
5	1000	Shared-CoIP	MF	F1-max	0	0.2611501102554868
5	1000	Shared-CoIP	MF	F1-max	1	0.2775764429392658
5	1000	Shared-CoIP	MF	F1-max	2	0.20931098277449536
5	1000	Shared-CoIP	MF	F1-max	3	0.2816751996411479
5	1000	Shared-CoIP	MF	F1-max	4	0.260708822214556
5	1000	Shared-CoIP	BP	F1-max	0	0.28529924102941073
5	1000	Shared-CoIP	BP	F1-max	1	0.2617294003661467
5	1000	Shared-CoIP	BP	F1-max	2	0.28922514181528247
5	1000	Shared-CoIP	BP	F1-max	3	0.2521970887664579
5	1000	Shared-CoIP	BP	F1-max	4	0.2868990074794132
5	1000	Shared-CoIP	CC	F1-max	0	0.4658380919069188
5	1000	Shared-CoIP	CC	F1-max	1	0.43338033767852246
5	1000	Shared-CoIP	CC	F1-max	2	0.441734079152053
5	1000	Shared-CoIP	CC	F1-max	3	0.46011113072441495
5	1000	Shared-CoIP	CC	F1-max	4	0.4487399886787667
10	5	Shared-CoIP	MF	F1-max	0	0.14979723658968946
10	5	Shared-CoIP	MF	F1-max	1	0.13015872323915728
10	5	Shared-CoIP	MF	F1-max	2	0.15279908510222867
10	5	Shared-CoIP	MF	F1-max	3	0.2047337099356554
10	5	Shared-CoIP	MF	F1-max	4	0.1427846804774853
10	5	Shared-CoIP	BP	F1-max	0	0.1801486012515093
10	5	Shared-CoIP	BP	F1-max	1	0.21179352041993668
10	5	Shared-CoIP	BP	F1-max	2	0.15959382381717738
10	5	Shared-CoIP	BP	F1-max	3	0.20564107659366437
10	5	Shared-CoIP	BP	F1-max	4	0.1655663238301152
10	5	Shared-CoIP	CC	F1-max	0	0.29218128658040643
10	5	Shared-CoIP	CC	F1-max	1	0.263321146869845
10	5	Shared-CoIP	CC	F1-max	2	0.2712525431957009
10	5	Shared-CoIP	CC	F1-max	3	0.26188830956240633
10	5	Shared-CoIP	CC	F1-max	4	0.28828838182680766
10	10	Shared-CoIP	MF	F1-max	0	0.2259919330860836
10	10	Shared-CoIP	MF	F1-max	1	0.2279532578834602
10	10	Shared-CoIP	MF	F1-max	2	0.1972921751900141
10	10	Shared-CoIP	MF	F1-max	3	0.2428411474140895
10	10	Shared-CoIP	MF	F1-max	4	0.22070282436465952
10	10	Shared-CoIP	BP	F1-max	0	0.27346374749833363
10	10	Shared-CoIP	BP	F1-max	1	0.23499305762475087
10	10	Shared-CoIP	BP	F1-max	2	0.26713578579103375
10	10	Shared-CoIP	BP	F1-max	3	0.2111457935549765
10	10	Shared-CoIP	BP	F1-max	4	0.2546624275426861
10	10	Shared-CoIP	CC	F1-max	0	0.42947397714251173
10	10	Shared-CoIP	CC	F1-max	1	0.4210832201633934
10	10	Shared-CoIP	CC	F1-max	2	0.38926166197264656
10	10	Shared-CoIP	CC	F1-max	3	0.3604706749189908
10	10	Shared-CoIP	CC	F1-max	4	0.40197440533795087
10	25	Shared-CoIP	MF	F1-max	0	0.2731683435977354
10	25	Shared-CoIP	MF	F1-max	1	0.20932446249594033
10	25	Shared-CoIP	MF	F1-max	2	0.27858866882184213
10	25	Shared-CoIP	MF	F1-max	3	0.28052125662433525
10	25	Shared-CoIP	MF	F1-max	4	0.3021330609573487
10	25	Shared-CoIP	BP	F1-max	0	0.3028618885612018
10	25	Shared-CoIP	BP	F1-max	1	0.281306557880734
10	25	Shared-CoIP	BP	F1-max	2	0.2593860173146148
10	25	Shared-CoIP	BP	F1-max	3	0.32282205687318427
10	25	Shared-CoIP	BP	F1-max	4	0.260404707638768
10	25	Shared-CoIP	CC	F1-max	0	0.4510796437932824
10	25	Shared-CoIP	CC	F1-max	1	0.4637817750207616
10	25	Shared-CoIP	CC	F1-max	2	0.481194947424301
10	25	Shared-CoIP	CC	F1-max	3	0.4440346601554296
10	25	Shared-CoIP	CC	F1-max	4	0.4603048699095329
10	30	Shared-CoIP	MF	F1-max	0	0.2868474867028532
10	30	Shared-CoIP	MF	F1-max	1	0.26157186405821914
10	30	Shared-CoIP	MF	F1-max	2	0.27067938049766194
10	30	Shared-CoIP	MF	F1-max	3	0.26360816267846876
10	30	Shared-CoIP	MF	F1-max	4	0.29280387845943334
10	30	Shared-CoIP	BP	F1-max	0	0.2801545966161029
10	30	Shared-CoIP	BP	F1-max	1	0.26941581070421977
10	30	Shared-CoIP	BP	F1-max	2	0.31823908723695754
10	30	Shared-CoIP	BP	F1-max	3	0.2734867224228372
10	30	Shared-CoIP	BP	F1-max	4	0.29465957840308316
10	30	Shared-CoIP	CC	F1-max	0	0.47904256380529225
10	30	Shared-CoIP	CC	F1-max	1	0.45484135761079353
10	30	Shared-CoIP	CC	F1-max	2	0.4406881850211633
10	30	Shared-CoIP	CC	F1-max	3	0.49638315321552406
10	30	Shared-CoIP	CC	F1-max	4	0.48263604909269825
10	100	Shared-CoIP	MF	F1-max	0	0.2787438445932955
10	100	Shared-CoIP	MF	F1-max	1	0.2924248951822571
10	100	Shared-CoIP	MF	F1-max	2	0.26043085842242425
10	100	Shared-CoIP	MF	F1-max	3	0.253867889174315
10	100	Shared-CoIP	MF	F1-max	4	0.27396680194068246
10	100	Shared-CoIP	BP	F1-max	0	0.2905983776539592
10	100	Shared-CoIP	BP	F1-max	1	0.2738677558195813
10	100	Shared-CoIP	BP	F1-max	2	0.31474306572930966
10	100	Shared-CoIP	BP	F1-max	3	0.2793766461185964
10	100	Shared-CoIP	BP	F1-max	4	0.3039318490976315
10	100	Shared-CoIP	CC	F1-max	0	0.5156567308898469
10	100	Shared-CoIP	CC	F1-max	1	0.4918255641223996
10	100	Shared-CoIP	CC	F1-max	2	0.5067059327395588
10	100	Shared-CoIP	CC	F1-max	3	0.4812572105673894
10	100	Shared-CoIP	CC	F1-max	4	0.4554234213604219
10	1000	Shared-CoIP	MF	F1-max	0	0.28295990235154056
10	1000	Shared-CoIP	MF	F1-max	1	0.2611662967462454
10	1000	Shared-CoIP	MF	F1-max	2	0.29599908834102917
10	1000	Shared-CoIP	MF	F1-max	3	0.28423086909521617
10	1000	Shared-CoIP	MF	F1-max	4	0.30587333884449003
10	1000	Shared-CoIP	BP	F1-max	0	0.28449559634761057
10	1000	Shared-CoIP	BP	F1-max	1	0.26869558107689967
10	1000	Shared-CoIP	BP	F1-max	2	0.2865861967147894
10	1000	Shared-CoIP	BP	F1-max	3	0.3021440182147742
10	1000	Shared-CoIP	BP	F1-max	4	0.27427893908063367
10	1000	Shared-CoIP	CC	F1-max	0	0.4688090643539704
10	1000	Shared-CoIP	CC	F1-max	1	0.5108189635023428
10	1000	Shared-CoIP	CC	F1-max	2	0.4883603980713589
10	1000	Shared-CoIP	CC	F1-max	3	0.47991189907165394
10	1000	Shared-CoIP	CC	F1-max	4	0.504991958050093
25	5	Shared-CoIP	MF	F1-max	0	0.16171611399368474
25	5	Shared-CoIP	MF	F1-max	1	0.16887132526734422
25	5	Shared-CoIP	MF	F1-max	2	0.1674432942822535
25	5	Shared-CoIP	MF	F1-max	3	0.16739237171829918
25	5	Shared-CoIP	MF	F1-max	4	0.1762447387331896
25	5	Shared-CoIP	BP	F1-max	0	0.1975365290927606
25	5	Shared-CoIP	BP	F1-max	1	0.19130344267584504
25	5	Shared-CoIP	BP	F1-max	2	0.20430342398912457
25	5	Shared-CoIP	BP	F1-max	3	0.1878314659422155
25	5	Shared-CoIP	BP	F1-max	4	0.1976061833294095
25	5	Shared-CoIP	CC	F1-max	0	0.308754558341453
25	5	Shared-CoIP	CC	F1-max	1	0.29260666947961556
25	5	Shared-CoIP	CC	F1-max	2	0.29253998031420314
25	5	Shared-CoIP	CC	F1-max	3	0.3250131826804478
25	5	Shared-CoIP	CC	F1-max	4	0.32990763786697047
25	10	Shared-CoIP	MF	F1-max	0	0.24100443545777672
25	10	Shared-CoIP	MF	F1-max	1	0.22306945088544844
25	10	Shared-CoIP	MF	F1-max	2	0.24649061582829204
25	10	Shared-CoIP	MF	F1-max	3	0.2420320608920103
25	10	Shared-CoIP	MF	F1-max	4	0.24991146964267708
25	10	Shared-CoIP	BP	F1-max	0	0.27138541766509844
25	10	Shared-CoIP	BP	F1-max	1	0.28917468901243426
25	10	Shared-CoIP	BP	F1-max	2	0.2599344414934424
25	10	Shared-CoIP	BP	F1-max	3	0.255291598219001
25	10	Shared-CoIP	BP	F1-max	4	0.2731324996472781
25	10	Shared-CoIP	CC	F1-max	0	0.40933645613931696
25	10	Shared-CoIP	CC	F1-max	1	0.4299321443193093
25	10	Shared-CoIP	CC	F1-max	2	0.43018827652834474
25	10	Shared-CoIP	CC	F1-max	3	0.4346572594664999
25	10	Shared-CoIP	CC	F1-max	4	0.4112789449573344
25	25	Shared-CoIP	MF	F1-max	0	0.27182792666201216
25	25	Shared-CoIP	MF	F1-max	1	0.2764575761107333
25	25	Shared-CoIP	MF	F1-max	2	0.2953038198892728
25	25	Shared-CoIP	MF	F1-max	3	0.31422555314759826
25	25	Shared-CoIP	MF	F1-max	4	0.28327906161130495
25	25	Shared-CoIP	BP	F1-max	0	0.2949566798412287
25	25	Shared-CoIP	BP	F1-max	1	0.320780481450551
25	25	Shared-CoIP	BP	F1-max	2	0.28611960719435353
25	25	Shared-CoIP	BP	F1-max	3	0.31327371875786486
25	25	Shared-CoIP	BP	F1-max	4	0.31637978017510765
25	25	Shared-CoIP	CC	F1-max	0	0.4803098832811983
25	25	Shared-CoIP	CC	F1-max	1	0.4869388190884934
25	25	Shared-CoIP	CC	F1-max	2	0.4915074068055699
25	25	Shared-CoIP	CC	F1-max	3	0.5141066389785514
25	25	Shared-CoIP	CC	F1-max	4	0.4744348989581514
25	30	Shared-CoIP	MF	F1-max	0	0.30787174062415706
25	30	Shared-CoIP	MF	F1-max	1	0.3159916427524201
25	30	Shared-CoIP	MF	F1-max	2	0.2991945148238952
25	30	Shared-CoIP	MF	F1-max	3	0.2768123063047715
25	30	Shared-CoIP	MF	F1-max	4	0.3317617017995525
25	30	Shared-CoIP	BP	F1-max	0	0.29156479781685885
25	30	Shared-CoIP	BP	F1-max	1	0.2948049913554377
25	30	Shared-CoIP	BP	F1-max	2	0.31521801157774937
25	30	Shared-CoIP	BP	F1-max	3	0.33267085552992764
25	30	Shared-CoIP	BP	F1-max	4	0.3190834820341317
25	30	Shared-CoIP	CC	F1-max	0	0.49615047618915603
25	30	Shared-CoIP	CC	F1-max	1	0.48504087727237544
25	30	Shared-CoIP	CC	F1-max	2	0.4895441926068116
25	30	Shared-CoIP	CC	F1-max	3	0.496422147361708
25	30	Shared-CoIP	CC	F1-max	4	0.4893370929935839
25	100	Shared-CoIP	MF	F1-max	0	0.30680935789168967
25	100	Shared-CoIP	MF	F1-max	1	0.3197106116712915
25	100	Shared-CoIP	MF	F1-max	2	0.3090630159132319
25	100	Shared-CoIP	MF	F1-max	3	0.32002804747325203
25	100	Shared-CoIP	MF	F1-max	4	0.28488759953378034
25	100	Shared-CoIP	BP	F1-max	0	0.29805503467797384
25	100	Shared-CoIP	BP	F1-max	1	0.32726151000770476
25	100	Shared-CoIP	BP	F1-max	2	0.33775447862734137
25	100	Shared-CoIP	BP	F1-max	3	0.3246415083057876
25	100	Shared-CoIP	BP	F1-max	4	0.31451466601257777
25	100	Shared-CoIP	CC	F1-max	0	0.5324083074047149
25	100	Shared-CoIP	CC	F1-max	1	0.5039424113209147
25	100	Shared-CoIP	CC	F1-max	2	0.49901938071548363
25	100	Shared-CoIP	CC	F1-max	3	0.5096012090037019
25	100	Shared-CoIP	CC	F1-max	4	0.5226972097665787
25	1000	Shared-CoIP	MF	F1-max	0	0.30767773930334863
25	1000	Shared-CoIP	MF	F1-max	1	0.3093321796401304
25	1000	Shared-CoIP	MF	F1-max	2	0.31508882476527594
25	1000	Shared-CoIP	MF	F1-max	3	0.3234654174338631
25	1000	Shared-CoIP	MF	F1-max	4	0.295664635699515
25	1000	Shared-CoIP	BP	F1-max	0	0.32256510705210373
25	1000	Shared-CoIP	BP	F1-max	1	0.318522173557211
25	1000	Shared-CoIP	BP	F1-max	2	0.33212829494425705
25	1000	Shared-CoIP	BP	F1-max	3	0.322531883661231
25	1000	Shared-CoIP	BP	F1-max	4	0.29865812936465175
25	1000	Shared-CoIP	CC	F1-max	0	0.5289350997900166
25	1000	Shared-CoIP	CC	F1-max	1	0.4903765528797703
25	1000	Shared-CoIP	CC	F1-max	2	0.5012715102149112
25	1000	Shared-CoIP	CC	F1-max	3	0.5209683686583821
25	1000	Shared-CoIP	CC	F1-max	4	0.5146630300518757
50	5	Shared-CoIP	MF	F1-max	0	0.187704531066247
50	5	Shared-CoIP	MF	F1-max	1	0.19742089985627212
50	5	Shared-CoIP	MF	F1-max	2	0.16561544956196816
50	5	Shared-CoIP	MF	F1-max	3	0.16773969099357022
50	5	Shared-CoIP	MF	F1-max	4	0.1605633284658313
50	5	Shared-CoIP	BP	F1-max	0	0.20999955402597978
50	5	Shared-CoIP	BP	F1-max	1	0.21252915938870426
50	5	Shared-CoIP	BP	F1-max	2	0.22670767198232344
50	5	Shared-CoIP	BP	F1-max	3	0.1860686759759307
50	5	Shared-CoIP	BP	F1-max	4	0.1942560250558336
50	5	Shared-CoIP	CC	F1-max	0	0.33087305230640307
50	5	Shared-CoIP	CC	F1-max	1	0.3480566710353607
50	5	Shared-CoIP	CC	F1-max	2	0.30955253915456066
50	5	Shared-CoIP	CC	F1-max	3	0.3192760325817534
50	5	Shared-CoIP	CC	F1-max	4	0.3063474703646937
50	10	Shared-CoIP	MF	F1-max	0	0.23485221187063063
50	10	Shared-CoIP	MF	F1-max	1	0.23181740070776255
50	10	Shared-CoIP	MF	F1-max	2	0.2625018602549051
50	10	Shared-CoIP	MF	F1-max	3	0.2429925150715476
50	10	Shared-CoIP	MF	F1-max	4	0.26499721066378934
50	10	Shared-CoIP	BP	F1-max	0	0.2605663098003935
50	10	Shared-CoIP	BP	F1-max	1	0.2568176009286339
50	10	Shared-CoIP	BP	F1-max	2	0.28453110977719176
50	10	Shared-CoIP	BP	F1-max	3	0.2880465027098882
50	10	Shared-CoIP	BP	F1-max	4	0.28038332973796226
50	10	Shared-CoIP	CC	F1-max	0	0.42890861021905197
50	10	Shared-CoIP	CC	F1-max	1	0.4307118848332202
50	10	Shared-CoIP	CC	F1-max	2	0.44431348440023233
50	10	Shared-CoIP	CC	F1-max	3	0.41317070370472864
50	10	Shared-CoIP	CC	F1-max	4	0.43866093231521003
50	25	Shared-CoIP	MF	F1-max	0	0.30863552943724193
50	25	Shared-CoIP	MF	F1-max	1	0.31254398073642825
50	25	Shared-CoIP	MF	F1-max	2	0.3280571147113678
50	25	Shared-CoIP	MF	F1-max	3	0.29922025112158235
50	25	Shared-CoIP	MF	F1-max	4	0.3032450019777893
50	25	Shared-CoIP	BP	F1-max	0	0.32279304613051407
50	25	Shared-CoIP	BP	F1-max	1	0.3343984595382369
50	25	Shared-CoIP	BP	F1-max	2	0.3098147063630143
50	25	Shared-CoIP	BP	F1-max	3	0.27632021150287334
50	25	Shared-CoIP	BP	F1-max	4	0.31585745979140745
50	25	Shared-CoIP	CC	F1-max	0	0.4909151628944334
50	25	Shared-CoIP	CC	F1-max	1	0.49259708969117416
50	25	Shared-CoIP	CC	F1-max	2	0.5012056686118852
50	25	Shared-CoIP	CC	F1-max	3	0.4955971488194458
50	25	Shared-CoIP	CC	F1-max	4	0.48725804817853374
50	30	Shared-CoIP	MF	F1-max	0	0.27551319100527316
50	30	Shared-CoIP	MF	F1-max	1	0.28155685875852926
50	30	Shared-CoIP	MF	F1-max	2	0.31066211263647064
50	30	Shared-CoIP	MF	F1-max	3	0.3204466472694504
50	30	Shared-CoIP	MF	F1-max	4	0.32708833643090335
50	30	Shared-CoIP	BP	F1-max	0	0.3060083919530068
50	30	Shared-CoIP	BP	F1-max	1	0.337242836351232
50	30	Shared-CoIP	BP	F1-max	2	0.33218503225014545
50	30	Shared-CoIP	BP	F1-max	3	0.30081529645498256
50	30	Shared-CoIP	BP	F1-max	4	0.3265231756976252
50	30	Shared-CoIP	CC	F1-max	0	0.495121338567691
50	30	Shared-CoIP	CC	F1-max	1	0.4992120298228006
50	30	Shared-CoIP	CC	F1-max	2	0.5252743865409479
50	30	Shared-CoIP	CC	F1-max	3	0.4997454020105045
50	30	Shared-CoIP	CC	F1-max	4	0.5063984432373043
50	100	Shared-CoIP	MF	F1-max	0	0.3451552681060601
50	100	Shared-CoIP	MF	F1-max	1	0.30013455074708484
50	100	Shared-CoIP	MF	F1-max	2	0.310124883971632
50	100	Shared-CoIP	MF	F1-max	3	0.2978695999641405
50	100	Shared-CoIP	MF	F1-max	4	0.3110196383570162
50	100	Shared-CoIP	BP	F1-max	0	0.32579272167330886
50	100	Shared-CoIP	BP	F1-max	1	0.30873305565420994
50	100	Shared-CoIP	BP	F1-max	2	0.34851621195846616
50	100	Shared-CoIP	BP	F1-max	3	0.34320916454777145
50	100	Shared-CoIP	BP	F1-max	4	0.30107267183858294
50	100	Shared-CoIP	CC	F1-max	0	0.5032015349042344
50	100	Shared-CoIP	CC	F1-max	1	0.5206057832702109
50	100	Shared-CoIP	CC	F1-max	2	0.502137218919915
50	100	Shared-CoIP	CC	F1-max	3	0.5321207247990607
50	100	Shared-CoIP	CC	F1-max	4	0.5217291655441589
50	1000	Shared-CoIP	MF	F1-max	0	0.30154136026328854
50	1000	Shared-CoIP	MF	F1-max	1	0.3369845122559276
50	1000	Shared-CoIP	MF	F1-max	2	0.3107741329930786
50	1000	Shared-CoIP	MF	F1-max	3	0.2943651510537275
50	1000	Shared-CoIP	MF	F1-max	4	0.3185482820828945
50	1000	Shared-CoIP	BP	F1-max	0	0.3252575830781653
50	1000	Shared-CoIP	BP	F1-max	1	0.32515161775571394
50	1000	Shared-CoIP	BP	F1-max	2	0.3186745000345558
50	1000	Shared-CoIP	BP	F1-max	3	0.30304097015693154
50	1000	Shared-CoIP	BP	F1-max	4	0.325205670694453
50	1000	Shared-CoIP	CC	F1-max	0	0.5217102555905324
50	1000	Shared-CoIP	CC	F1-max	1	0.5047461909497681
50	1000	Shared-CoIP	CC	F1-max	2	0.5069488093149253
50	1000	Shared-CoIP	CC	F1-max	3	0.5135598111391614
50	1000	Shared-CoIP	CC	F1-max	4	0.5273195021292764
100	5	Shared-CoIP	MF	F1-max	0	0.15574060228961203
100	5	Shared-CoIP	MF	F1-max	1	0.20956493748087454
100	5	Shared-CoIP	MF	F1-max	2	0.22010528638866608
100	5	Shared-CoIP	MF	F1-max	3	0.17381290442254355
100	5	Shared-CoIP	MF	F1-max	4	0.1838487939486884
100	5	Shared-CoIP	BP	F1-max	0	0.20751002504498064
100	5	Shared-CoIP	BP	F1-max	1	0.20804434974991265
100	5	Shared-CoIP	BP	F1-max	2	0.2386420002614665
100	5	Shared-CoIP	BP	F1-max	3	0.19444684064517004
100	5	Shared-CoIP	BP	F1-max	4	0.17897613227379106
100	5	Shared-CoIP	CC	F1-max	0	0.33729781350163407
100	5	Shared-CoIP	CC	F1-max	1	0.32485900948097624
100	5	Shared-CoIP	CC	F1-max	2	0.30651505584814054
100	5	Shared-CoIP	CC	F1-max	3	0.3420201758183683
100	5	Shared-CoIP	CC	F1-max	4	0.33312771783250034
100	10	Shared-CoIP	MF	F1-max	0	0.2536562071215912
100	10	Shared-CoIP	MF	F1-max	1	0.2476033674473469
100	10	Shared-CoIP	MF	F1-max	2	0.2774909891640989
100	10	Shared-CoIP	MF	F1-max	3	0.23382897970926383
100	10	Shared-CoIP	MF	F1-max	4	0.25557396395624665
100	10	Shared-CoIP	BP	F1-max	0	0.24370389241492668
100	10	Shared-CoIP	BP	F1-max	1	0.2926904346830724
100	10	Shared-CoIP	BP	F1-max	2	0.28184729445631596
100	10	Shared-CoIP	BP	F1-max	3	0.2900063987233067
100	10	Shared-CoIP	BP	F1-max	4	0.28230888192165887
100	10	Shared-CoIP	CC	F1-max	0	0.4396141973213575
100	10	Shared-CoIP	CC	F1-max	1	0.44075465744923287
100	10	Shared-CoIP	CC	F1-max	2	0.43487061637117425
100	10	Shared-CoIP	CC	F1-max	3	0.43204811228023005
100	10	Shared-CoIP	CC	F1-max	4	0.426373830645998
100	25	Shared-CoIP	MF	F1-max	0	0.31041535640943807
100	25	Shared-CoIP	MF	F1-max	1	0.3229141404898797
100	25	Shared-CoIP	MF	F1-max	2	0.3085560969442759
100	25	Shared-CoIP	MF	F1-max	3	0.2653599884122874
100	25	Shared-CoIP	MF	F1-max	4	0.2880404505923552
100	25	Shared-CoIP	BP	F1-max	0	0.3290877302525697
100	25	Shared-CoIP	BP	F1-max	1	0.30150455389537306
100	25	Shared-CoIP	BP	F1-max	2	0.32330234800983015
100	25	Shared-CoIP	BP	F1-max	3	0.3268103690742789
100	25	Shared-CoIP	BP	F1-max	4	0.312432779184449
100	25	Shared-CoIP	CC	F1-max	0	0.4955357371747833
100	25	Shared-CoIP	CC	F1-max	1	0.48388101111453524
100	25	Shared-CoIP	CC	F1-max	2	0.508515522789895
100	25	Shared-CoIP	CC	F1-max	3	0.5045718419951777
100	25	Shared-CoIP	CC	F1-max	4	0.4914091057078251
100	30	Shared-CoIP	MF	F1-max	0	0.3104760232106617
100	30	Shared-CoIP	MF	F1-max	1	0.30691579916680106
100	30	Shared-CoIP	MF	F1-max	2	0.30480124135949394
100	30	Shared-CoIP	MF	F1-max	3	0.3103496879475182
100	30	Shared-CoIP	MF	F1-max	4	0.29641529846945414
100	30	Shared-CoIP	BP	F1-max	0	0.32527467498275975
100	30	Shared-CoIP	BP	F1-max	1	0.30090977600594715
100	30	Shared-CoIP	BP	F1-max	2	0.3233189010883537
100	30	Shared-CoIP	BP	F1-max	3	0.31573012442624526
100	30	Shared-CoIP	BP	F1-max	4	0.3349011536109456
100	30	Shared-CoIP	CC	F1-max	0	0.5154213052002962
100	30	Shared-CoIP	CC	F1-max	1	0.5110603136952907
100	30	Shared-CoIP	CC	F1-max	2	0.48461290564752313
100	30	Shared-CoIP	CC	F1-max	3	0.4798629721764389
100	30	Shared-CoIP	CC	F1-max	4	0.5141272559629639
100	100	Shared-CoIP	MF	F1-max	0	0.294625512930196
100	100	Shared-CoIP	MF	F1-max	1	0.3025853685645021
100	100	Shared-CoIP	MF	F1-max	2	0.34064643073870077
100	100	Shared-CoIP	MF	F1-max	3	0.29460367827620626
100	100	Shared-CoIP	MF	F1-max	4	0.2845806950643797
100	100	Shared-CoIP	BP	F1-max	0	0.3458338572346471
100	100	Shared-CoIP	BP	F1-max	1	0.3203635663224023
100	100	Shared-CoIP	BP	F1-max	2	0.32485605569518966
100	100	Shared-CoIP	BP	F1-max	3	0.3274260892840049
100	100	Shared-CoIP	BP	F1-max	4	0.33160248834421513
100	100	Shared-CoIP	CC	F1-max	0	0.5021276828054616
100	100	Shared-CoIP	CC	F1-max	1	0.5349331121028447
100	100	Shared-CoIP	CC	F1-max	2	0.5168024730883803
100	100	Shared-CoIP	CC	F1-max	3	0.5238723548282082
100	100	Shared-CoIP	CC	F1-max	4	0.5284287604955705
100	1000	Shared-CoIP	MF	F1-max	0	0.3033961548066915
100	1000	Shared-CoIP	MF	F1-max	1	0.31824319160192766
100	1000	Shared-CoIP	MF	F1-max	2	0.34825190901110104
100	1000	Shared-CoIP	MF	F1-max	3	0.3111978272366086
100	1000	Shared-CoIP	MF	F1-max	4	0.29575498160162556
100	1000	Shared-CoIP	BP	F1-max	0	0.325810183215939
100	1000	Shared-CoIP	BP	F1-max	1	0.3192468932777151
100	1000	Shared-CoIP	BP	F1-max	2	0.331977240552363
100	1000	Shared-CoIP	BP	F1-max	3	0.3304336296240115
100	1000	Shared-CoIP	BP	F1-max	4	0.32526152533215263
100	1000	Shared-CoIP	CC	F1-max	0	0.5197444449701798
100	1000	Shared-CoIP	CC	F1-max	1	0.5450236086471317
100	1000	Shared-CoIP	CC	F1-max	2	0.49819394112756366
100	1000	Shared-CoIP	CC	F1-max	3	0.5278105723328815
100	1000	Shared-CoIP	CC	F1-max	4	0.5031610282056075
1000	5	Shared-CoIP	MF	F1-max	0	0.17681088547504625
1000	5	Shared-CoIP	MF	F1-max	1	0.18159203319813091
1000	5	Shared-CoIP	MF	F1-max	2	0.19832805963043187
1000	5	Shared-CoIP	MF	F1-max	3	0.1687836510855974
1000	5	Shared-CoIP	MF	F1-max	4	0.1747446296552821
1000	5	Shared-CoIP	BP	F1-max	0	0.18752647330690306
1000	5	Shared-CoIP	BP	F1-max	1	0.18511305295865177
1000	5	Shared-CoIP	BP	F1-max	2	0.23243761050092604
1000	5	Shared-CoIP	BP	F1-max	3	0.20804428601811728
1000	5	Shared-CoIP	BP	F1-max	4	0.22227854604795344
1000	5	Shared-CoIP	CC	F1-max	0	0.33610709125770555
1000	5	Shared-CoIP	CC	F1-max	1	0.3086338032578625
1000	5	Shared-CoIP	CC	F1-max	2	0.30084825413376715
1000	5	Shared-CoIP	CC	F1-max	3	0.34006936178495367
1000	5	Shared-CoIP	CC	F1-max	4	0.3608501500422708
1000	10	Shared-CoIP	MF	F1-max	0	0.2694673983405708
1000	10	Shared-CoIP	MF	F1-max	1	0.24530972690605532
1000	10	Shared-CoIP	MF	F1-max	2	0.2547066152127713
1000	10	Shared-CoIP	MF	F1-max	3	0.25145716793269
1000	10	Shared-CoIP	MF	F1-max	4	0.26348973999617203
1000	10	Shared-CoIP	BP	F1-max	0	0.26610171410912375
1000	10	Shared-CoIP	BP	F1-max	1	0.2746515989452581
1000	10	Shared-CoIP	BP	F1-max	2	0.2652126120177116
1000	10	Shared-CoIP	BP	F1-max	3	0.275015730444024
1000	10	Shared-CoIP	BP	F1-max	4	0.2584929829825829
1000	10	Shared-CoIP	CC	F1-max	0	0.4385254320833999
1000	10	Shared-CoIP	CC	F1-max	1	0.4352712020334095
1000	10	Shared-CoIP	CC	F1-max	2	0.4277422373139293
1000	10	Shared-CoIP	CC	F1-max	3	0.4408699961226108
1000	10	Shared-CoIP	CC	F1-max	4	0.41462494217686413
1000	25	Shared-CoIP	MF	F1-max	0	0.29209124078537035
1000	25	Shared-CoIP	MF	F1-max	1	0.28692049543100495
1000	25	Shared-CoIP	MF	F1-max	2	0.3183291204076782
1000	25	Shared-CoIP	MF	F1-max	3	0.3109811545167729
1000	25	Shared-CoIP	MF	F1-max	4	0.35176777768711054
1000	25	Shared-CoIP	BP	F1-max	0	0.33411777801093867
1000	25	Shared-CoIP	BP	F1-max	1	0.3063981663711141
1000	25	Shared-CoIP	BP	F1-max	2	0.3325729180067172
1000	25	Shared-CoIP	BP	F1-max	3	0.2980595805431002
1000	25	Shared-CoIP	BP	F1-max	4	0.3275622319799095
1000	25	Shared-CoIP	CC	F1-max	0	0.4987761749802367
1000	25	Shared-CoIP	CC	F1-max	1	0.4892228157844752
1000	25	Shared-CoIP	CC	F1-max	2	0.47772478761108905
1000	25	Shared-CoIP	CC	F1-max	3	0.5073616469915511
1000	25	Shared-CoIP	CC	F1-max	4	0.4848788592867389
1000	30	Shared-CoIP	MF	F1-max	0	0.2774064369107716
1000	30	Shared-CoIP	MF	F1-max	1	0.31040752201224164
1000	30	Shared-CoIP	MF	F1-max	2	0.32138243770245095
1000	30	Shared-CoIP	MF	F1-max	3	0.30763115955788195
1000	30	Shared-CoIP	MF	F1-max	4	0.31589251858331113
1000	30	Shared-CoIP	BP	F1-max	0	0.31086643363508276
1000	30	Shared-CoIP	BP	F1-max	1	0.3162101388069409
1000	30	Shared-CoIP	BP	F1-max	2	0.3424113772526921
1000	30	Shared-CoIP	BP	F1-max	3	0.31791600692620564
1000	30	Shared-CoIP	BP	F1-max	4	0.3316788402448124
1000	30	Shared-CoIP	CC	F1-max	0	0.49599550470507664
1000	30	Shared-CoIP	CC	F1-max	1	0.5096175682377193
1000	30	Shared-CoIP	CC	F1-max	2	0.4598869115369917
1000	30	Shared-CoIP	CC	F1-max	3	0.5327202300651757
1000	30	Shared-CoIP	CC	F1-max	4	0.5206330490760624
1000	100	Shared-CoIP	MF	F1-max	0	0.3125924449801644
1000	100	Shared-CoIP	MF	F1-max	1	0.3313703084081575
1000	100	Shared-CoIP	MF	F1-max	2	0.313554782123897
1000	100	Shared-CoIP	MF	F1-max	3	0.2898506162446711
1000	100	Shared-CoIP	MF	F1-max	4	0.3367362604225292
1000	100	Shared-CoIP	BP	F1-max	0	0.32089011825069746
1000	100	Shared-CoIP	BP	F1-max	1	0.3089128269983409
1000	100	Shared-CoIP	BP	F1-max	2	0.3220794919081476
1000	100	Shared-CoIP	BP	F1-max	3	0.31767235181734915
1000	100	Shared-CoIP	BP	F1-max	4	0.33430665026099055
1000	100	Shared-CoIP	CC	F1-max	0	0.480956562780664
1000	100	Shared-CoIP	CC	F1-max	1	0.5266131401731714
1000	100	Shared-CoIP	CC	F1-max	2	0.5224144835224989
1000	100	Shared-CoIP	CC	F1-max	3	0.5140246465893114
1000	100	Shared-CoIP	CC	F1-max	4	0.5186696938430806
1000	1000	Shared-CoIP	MF	F1-max	0	0.32261685654887173
1000	1000	Shared-CoIP	MF	F1-max	1	0.32401529487525804
1000	1000	Shared-CoIP	MF	F1-max	2	0.3074562610244178
1000	1000	Shared-CoIP	MF	F1-max	3	0.3055391035646448
1000	1000	Shared-CoIP	MF	F1-max	4	0.31953620257227056
1000	1000	Shared-CoIP	BP	F1-max	0	0.31197902310416503
1000	1000	Shared-CoIP	BP	F1-max	1	0.3346886463883552
1000	1000	Shared-CoIP	BP	F1-max	2	0.3052574530765306
1000	1000	Shared-CoIP	BP	F1-max	3	0.3153331710783891
1000	1000	Shared-CoIP	BP	F1-max	4	0.3312015367024524
1000	1000	Shared-CoIP	CC	F1-max	0	0.5201617663749757
1000	1000	Shared-CoIP	CC	F1-max	1	0.5051401096961833
1000	1000	Shared-CoIP	CC	F1-max	2	0.510769117000778
1000	1000	Shared-CoIP	CC	F1-max	3	0.5244235467630634
1000	1000	Shared-CoIP	CC	F1-max	4	0.5349514638378167
